LAD22CD,LAD22NM,WD22CD,WD22NM,Rank,IMD_Rank,IMD,Teenage Deliveries,Children in Care,Child Protection Plans,Peristent Absenteeism from School,EYFS Good Level of Development,NEET,Long-term unemployment,"Social, emotional and mental health needs at school",Self-harm (PHE),Children in Need,School Exclusions,GCSEs A-Cs - 5 or more,Perceptions about Police - Feel the police do a good job in the local area​,Perceptions about Police - Agree the police treat everyone fairly regardless of who they are​,Perceptions about Police - Agree that the MPS is an organisation they can trust,Perceptions about Crime - Feel that gangs are a problem in the local area​,Perceptions about Crime - Feel that gun crime is a problem in the local area​,Perceptions about Crime - Feel that knife crime is a problem in the local area,Perceptions about Local Area - Agree local area is place where people from different backgrounds get on well​,IDACI,Violence with Injury,Violence without Injury,Ambulance callouts to Youth Assault,LAS call outs to alcohol-related incidents,LAS call outs to drug overdoses,Ambulance callouts to Assault,Gun Crime,Discharge from Lethal Barrels,Knife Crime,Knife Crime with Injury,Rape,Other Sexual Offences,Homicide,Violence with Injury,Violence without Injury,Domestic Abuse Incidents,Domestic Abuse Offences,Domestic Abuse (Violence with Injury),Serious Youth Violence victims,Knife Crime (victims U25),Total
E09000019,Islington,E05013703,Finsbury Park,1,7,12,,0,1,1,0,0,0,1,1,1,1,0,0,1,1,0,0,1,0,1,1,1,1,1,1,1,0,0,1,1,1,1,1,1,1,1,1,1,1,1,28
E09000014,Haringey,E05013596,Northumberland Park,2,1,12,0,0,1,0,0,1,1,0,0,0,0,0,1,1,1,0,1,0,1,1,1,1,0,1,1,1,1,1,1,1,1,1,1,1,1,1,1,1,1,0,27
E09000012,Hackney,E05009376,Homerton,3,7,12,0,0,1,0,0,0,1,1,0,1,0,0,1,1,1,1,1,1,0,1,1,1,0,0,0,0,1,1,1,1,1,1,1,1,1,1,1,0,1,1,26
E09000022,Lambeth,E05014096,Brixton North,3,3,12,0,0,0,0,0,1,1,0,0,0,0,1,0,1,1,1,1,1,0,1,1,1,1,1,1,1,1,1,1,1,1,1,1,1,0,0,1,1,0,1,26
E09000022,Lambeth,E05014098,Brixton Windrush,3,3,12,0,0,0,0,0,1,1,0,0,0,0,1,0,1,1,1,1,1,0,1,1,1,1,1,1,1,1,1,1,1,1,1,1,1,1,0,0,0,1,1,26
E09000014,Haringey,E05013595,Noel Park,3,1,12,0,0,1,0,0,1,1,0,0,0,0,0,1,1,1,0,1,0,1,0,1,1,0,1,0,1,1,1,1,1,1,1,1,1,1,1,1,1,1,1,26
E09000008,Croydon,E05011468,Fairfield,3,9,12,1,1,0,1,0,1,0,0,0,1,0,1,1,0,0,0,0,0,0,0,1,1,1,1,1,1,1,0,1,1,1,1,1,1,1,1,1,1,1,1,26
E09000010,Enfield,E05013679,Edmonton Green,8,3,12,1,0,0,1,0,0,0,0,0,0,0,0,1,0,0,0,0,0,1,1,1,1,1,1,1,1,1,1,1,1,1,1,1,1,1,1,1,1,1,1,25
E09000012,Hackney,E05009377,Hoxton East & Shoreditch,8,42,0,0,0,1,0,0,0,1,1,0,1,0,0,1,1,1,1,1,1,0,0,1,1,1,1,1,1,1,0,1,1,1,1,0,1,1,0,0,0,1,1,25
E09000014,Haringey,E05013599,South Tottenham,8,3,12,0,0,1,0,0,1,1,0,0,0,0,0,1,1,1,0,1,0,1,0,1,1,0,1,1,1,1,0,1,1,1,1,0,1,1,1,1,1,1,1,25
E09000019,Islington,E05013708,Laycock,11,71,0,,0,1,1,0,0,0,1,1,1,1,0,0,1,1,0,0,1,0,1,1,1,1,1,1,1,0,0,1,1,1,1,0,1,1,0,0,0,1,1,24
E09000008,Croydon,E05011465,Broad Green,11,60,0,1,1,0,1,0,1,0,0,0,1,0,1,1,0,0,0,0,0,0,0,1,1,0,1,1,1,1,0,1,1,1,1,0,1,1,1,1,1,1,1,24
E09000008,Croydon,E05011488,West Thornton,11,60,0,1,1,0,1,0,1,0,0,0,1,0,1,1,0,0,0,0,0,0,0,1,1,0,1,1,1,1,0,1,1,1,1,1,1,1,1,1,1,0,1,24
E09000023,Lewisham,E05013719,Deptford,14,9,12,0,0,1,0,0,0,0,0,0,0,0,1,0,1,1,0,0,0,0,1,1,1,1,1,1,1,0,0,1,1,1,1,1,1,1,1,1,1,1,1,23
E09000022,Lambeth,E05014095,Brixton Acre Lane,14,46,0,0,0,0,0,0,1,1,0,0,0,0,1,0,1,1,1,1,1,0,0,1,1,1,0,1,0,1,1,1,1,1,1,1,1,1,0,0,0,1,1,23
E09000023,Lewisham,E05013730,Rushey Green,16,9,12,0,0,1,0,0,0,0,0,0,0,0,1,0,1,1,0,0,0,0,0,1,1,0,1,1,1,1,0,1,1,1,1,1,1,1,1,1,1,1,1,22
E09000014,Haringey,E05013605,Woodside,16,48,0,0,0,1,0,0,1,1,0,0,0,0,0,1,1,1,0,1,0,1,0,1,1,0,1,1,1,1,1,0,1,1,0,0,1,1,1,1,1,0,0,22
E09000022,Lambeth,E05014118,Waterloo & South Bank,16,48,0,0,0,0,0,0,1,1,0,0,0,0,1,0,1,1,1,1,1,0,0,1,1,1,1,1,1,0,0,1,1,1,1,0,1,1,0,0,0,1,1,22
E09000014,Haringey,E05013587,Bruce Castle,19,15,12,0,0,1,0,0,1,1,0,0,0,0,0,1,1,1,0,1,0,1,1,0,0,0,0,0,0,1,1,1,1,0,0,1,1,1,1,1,1,1,1,21
E09000030,Tower Hamlets,E05009317,Bethnal Green,19,48,0,,0,0,0,0,0,0,0,0,1,0,0,0,0,0,1,0,0,0,1,1,1,1,1,1,1,0,0,1,1,1,1,1,1,1,1,1,1,1,1,21
E09000030,Tower Hamlets,E05009331,St Peter's,19,12,12,,0,0,0,0,0,0,0,0,1,0,0,0,0,0,1,0,0,0,1,1,1,1,1,1,1,0,0,1,1,1,1,1,1,1,1,1,1,1,1,21
E09000014,Haringey,E05013601,Tottenham Central,19,15,12,0,0,1,0,0,1,1,0,0,0,0,0,1,1,1,0,1,0,1,1,1,1,0,0,0,0,1,0,1,1,0,0,0,1,1,1,1,1,1,1,21
E09000028,Southwark,E05011096,Camberwell Green,19,60,0,0,1,1,0,0,1,0,0,0,0,0,0,0,0,0,0,0,1,0,0,1,0,0,1,1,1,1,0,1,1,1,1,1,1,1,1,1,1,1,1,21
E09000008,Croydon,E05011486,Thornton Heath,19,91,0,1,1,0,1,0,1,0,0,0,1,0,1,1,0,0,0,0,0,0,0,1,1,0,0,1,0,0,0,1,1,1,1,0,1,1,1,1,1,1,1,21
E09000012,Hackney,E05009375,Haggerston,25,20,12,0,0,1,0,0,0,1,1,0,1,0,0,1,1,1,1,1,1,0,1,0,0,0,0,0,0,1,1,1,1,0,0,0,0,0,1,1,1,1,1,20
E09000010,Enfield,E05013674,Brimsdown,25,15,12,1,0,0,1,0,0,0,0,0,0,0,0,1,0,0,0,0,0,1,1,1,1,0,0,1,0,1,1,1,0,1,1,1,1,1,1,1,1,1,0,20
E09000010,Enfield,E05013694,Upper Edmonton,25,15,12,1,0,0,1,0,0,0,0,0,0,0,0,1,0,0,0,0,0,1,1,1,1,0,0,0,0,1,1,1,1,1,1,0,1,1,1,1,1,1,1,20
E09000005,Brent,E05013509,Roundwood,25,14,12,0,0,0,0,0,0,1,0,0,0,0,0,0,0,0,0,1,0,0,1,1,1,0,1,1,1,1,1,1,1,1,1,0,1,1,1,1,1,1,0,20
E09000019,Islington,E05013707,Junction,25,104,0,,0,1,1,0,0,0,1,1,1,1,0,0,1,1,0,0,1,0,0,1,0,1,1,1,1,1,0,1,1,1,0,0,1,0,0,0,0,1,0,20
E09000005,Brent,E05013500,Dollis Hill,25,48,0,0,0,0,0,0,0,1,0,0,0,0,0,0,0,0,0,1,0,0,0,1,1,0,1,1,1,1,1,1,1,1,1,1,1,1,1,1,1,1,0,20
E09000005,Brent,E05013501,Harlesden & Kensal Green,25,12,12,0,0,0,0,0,0,1,0,0,0,0,0,0,0,0,0,1,0,0,0,1,1,0,1,1,1,1,1,1,1,1,1,0,1,1,1,1,1,1,1,20
E09000022,Lambeth,E05014102,Clapham Town,25,71,0,0,0,0,0,0,1,1,0,0,0,0,1,0,1,1,1,1,1,0,0,1,0,1,1,1,1,1,1,0,1,1,1,0,1,0,0,0,0,0,1,20
E09000030,Tower Hamlets,E05009327,Mile End,33,71,0,,0,0,0,0,0,0,0,0,1,0,0,0,0,0,1,0,0,0,1,1,1,0,0,1,0,1,0,1,1,1,1,1,1,1,1,1,1,1,1,19
E09000005,Brent,E05013510,Stonebridge,33,15,12,0,0,0,0,0,0,1,0,0,0,0,0,0,0,0,0,1,0,0,1,1,1,0,0,0,0,1,1,1,1,1,1,1,1,1,1,1,1,1,1,19
E09000028,Southwark,E05011109,Old Kent Road,33,20,12,0,1,1,0,0,1,0,0,0,0,0,0,0,0,0,0,0,1,0,1,0,0,0,0,0,0,1,1,1,1,1,1,1,1,1,1,1,1,1,1,19
E09000019,Islington,E05013699,Bunhill,33,133,0,,0,1,1,0,0,0,1,1,1,1,0,0,1,1,0,0,1,0,1,0,0,1,1,1,1,0,0,0,1,1,1,0,1,0,0,0,0,0,1,19
E09000030,Tower Hamlets,E05009336,Whitechapel,33,71,0,,0,0,0,0,0,0,0,0,1,0,0,0,0,0,1,0,0,0,1,1,1,1,1,1,1,1,0,1,1,1,1,1,1,1,1,0,0,0,1,19
E09000028,Southwark,E05011104,London Bridge & West Bermondsey,33,82,0,0,1,1,0,0,1,0,0,0,0,0,0,0,0,0,0,0,1,0,0,1,0,1,1,1,1,1,0,1,1,1,1,0,1,1,0,0,1,1,1,19
E09000011,Greenwich,E05014087,Plumstead & Glyndon,33,71,0,1,0,0,0,0,0,0,0,1,0,0,0,0,0,0,0,0,0,0,0,1,1,0,1,1,1,1,0,1,1,1,1,0,1,1,1,1,1,1,1,19
E09000028,Southwark,E05011113,Rye Lane,33,82,0,0,1,1,0,0,1,0,0,0,0,0,0,0,0,0,0,0,1,0,0,1,1,1,1,1,1,1,0,1,1,1,1,0,1,1,0,0,0,1,1,19
E09000033,Westminster,E05013808,West End,33,48,0,,0,0,0,0,0,0,0,0,0,0,0,0,0,0,0,0,0,0,0,1,1,1,1,1,1,1,0,1,1,1,1,1,1,1,1,1,1,1,1,19
E09000012,Hackney,E05009374,Hackney Wick,42,25,12,0,0,1,0,0,0,1,1,0,1,0,0,1,1,1,1,1,1,0,1,1,1,0,0,0,0,1,1,0,0,0,1,0,1,1,0,0,0,0,0,18
E09000028,Southwark,E05011102,Faraday,42,24,12,0,1,1,0,0,1,0,0,0,0,0,0,0,0,0,0,0,1,0,1,1,1,1,0,1,0,1,1,1,1,1,0,0,1,0,0,0,1,1,1,18
E09000012,Hackney,E05009372,Hackney Central,42,25,12,0,0,1,0,0,0,1,1,0,1,0,0,1,1,1,1,1,1,0,1,1,1,0,0,0,0,0,1,1,0,1,1,0,0,1,0,0,0,0,0,18
E09000025,Newham,E05013924,Stratford,42,71,0,0,0,0,0,0,0,0,0,0,0,1,0,0,0,0,1,0,0,0,0,1,1,1,1,1,1,1,0,1,1,1,1,0,1,1,0,0,1,1,1,18
E09000033,Westminster,E05013806,St James's,42,60,0,,0,0,0,0,0,0,0,0,0,0,0,0,0,0,0,0,0,0,0,1,1,1,1,1,1,1,0,1,1,1,1,0,1,1,1,1,1,1,1,18
E09000030,Tower Hamlets,E05009325,Lansbury,47,20,12,,0,0,0,0,0,0,0,0,1,0,0,0,0,0,1,0,0,0,1,1,1,0,0,0,0,1,0,1,1,1,1,0,1,1,1,1,1,1,1,17
E09000032,Wandsworth,E05014017,Roehampton,47,112,0,0,0,0,0,1,1,0,1,0,0,0,0,0,0,0,0,0,0,0,1,0,1,1,1,1,1,0,0,0,0,1,1,1,1,1,1,1,1,0,0,17
E09000007,Camden,E05013655,Camden Town,47,25,12,0,1,0,1,0,0,0,1,0,0,0,0,0,0,0,0,0,0,0,1,1,0,1,1,1,1,0,0,1,1,1,1,0,1,1,0,0,0,1,1,17
E09000010,Enfield,E05013682,Haselbury,47,104,0,1,0,0,1,0,0,0,0,0,0,0,0,1,0,0,0,0,0,1,1,1,1,0,0,0,0,0,0,1,0,1,1,0,1,1,1,1,1,1,1,17
E09000022,Lambeth,E05014117,Vauxhall,47,112,0,0,0,0,0,0,1,1,0,0,0,0,1,0,1,1,1,1,1,0,1,0,0,1,1,1,1,1,0,0,1,1,1,0,0,0,0,0,0,0,0,17
E09000012,Hackney,E05009379,King's Park,47,25,12,0,0,1,0,0,0,1,1,0,1,0,0,1,1,1,1,1,1,0,0,0,0,0,0,0,0,1,1,1,1,0,1,0,0,0,1,0,0,0,1,17
E09000008,Croydon,E05011485,South Norwood,47,148,0,1,1,0,1,0,1,0,0,0,1,0,1,1,0,0,0,0,0,0,0,0,1,0,0,0,0,0,0,0,1,1,1,0,0,1,1,1,1,1,1,17
E09000022,Lambeth,E05014104,Herne Hill & Loughborough Junction,47,104,0,0,0,0,0,0,1,1,0,0,0,0,1,0,1,1,1,1,1,0,0,1,0,0,0,0,0,1,1,1,1,1,1,0,1,0,0,0,0,0,1,17
E09000011,Greenwich,E05014092,Woolwich Arsenal,47,91,0,1,0,0,0,0,0,0,0,1,0,0,0,0,0,0,0,0,0,0,0,1,1,1,1,0,1,1,0,1,1,1,1,1,1,1,0,0,0,1,1,17
E09000014,Haringey,E05013602,Tottenham Hale,56,30,12,0,0,1,0,0,1,1,0,0,0,0,0,1,1,1,0,1,0,1,1,0,0,0,1,0,1,1,0,1,1,0,0,0,0,0,0,0,0,1,1,16
E09000030,Tower Hamlets,E05009333,Spitalfields & Banglatown,56,20,12,,0,0,0,0,0,0,0,0,1,0,0,0,0,0,1,0,0,0,0,1,1,1,1,1,1,1,0,1,1,1,1,0,1,1,0,0,0,0,1,16
E09000022,Lambeth,E05014100,Clapham East,56,112,0,0,0,0,0,0,1,1,0,0,0,0,1,0,1,1,1,1,1,0,0,0,0,1,1,0,1,0,1,0,0,1,1,0,1,0,0,0,0,0,1,16
E09000014,Haringey,E05013603,West Green,56,25,12,0,0,1,0,0,1,1,0,0,0,0,0,1,1,1,0,1,0,1,0,0,0,0,0,0,0,1,1,1,1,0,0,1,0,0,0,0,1,1,1,16
E09000023,Lewisham,E05013724,Hither Green,56,104,0,0,0,1,0,0,0,0,0,0,0,0,1,0,1,1,0,0,0,0,0,1,1,0,0,1,0,0,0,1,1,1,1,0,1,1,1,1,1,0,0,16
E09000030,Tower Hamlets,E05009323,Canary Wharf,56,91,0,,0,0,0,0,0,0,0,0,1,0,0,0,0,0,1,0,0,0,0,1,1,1,1,1,1,0,0,0,0,1,1,0,1,1,1,1,1,0,1,16
E09000002,Barking and Dagenham,E05014066,Northbury,56,112,0,1,1,0,0,0,0,0,0,0,0,0,1,0,0,0,,,,,0,0,0,0,1,0,1,0,0,1,1,1,0,1,1,1,1,1,1,1,1,16
E09000023,Lewisham,E05013716,Brockley,56,104,0,0,0,1,0,0,0,0,0,0,0,0,1,0,1,1,0,0,0,0,0,1,1,1,0,1,0,1,0,1,1,1,1,0,0,0,0,1,1,0,1,16
E09000032,Wandsworth,E05014024,Tooting Broadway,56,112,0,0,0,0,0,1,1,0,1,0,0,0,0,0,0,0,0,0,0,0,0,1,1,1,1,1,1,0,0,1,1,1,1,0,1,1,0,0,1,0,0,16
E09000007,Camden,E05013669,St Pancras & Somers Town,65,33,12,0,1,0,1,0,0,0,1,0,0,0,0,0,0,0,0,0,0,0,1,1,1,1,1,1,1,0,1,0,0,1,1,0,1,1,0,0,0,0,0,15
E09000028,Southwark,E05011116,South Bermondsey,65,148,0,0,1,1,0,0,1,0,0,0,0,0,0,0,0,0,0,0,1,0,1,1,1,1,1,1,1,0,0,1,1,0,0,0,0,0,0,0,1,1,0,15
E09000010,Enfield,E05013685,Lower Edmonton,65,30,12,1,0,0,1,0,0,0,0,0,0,0,0,1,0,0,0,0,0,1,1,1,1,0,0,0,0,1,1,1,1,0,0,0,0,1,1,1,1,0,0,15
E09000008,Croydon,E05011479,Selhurst,65,46,12,1,1,0,1,0,1,0,0,0,1,0,1,1,0,0,0,0,0,0,1,0,0,0,0,1,0,0,0,0,0,1,0,0,1,1,1,1,1,0,0,15
E09000023,Lewisham,E05013720,Downham,65,30,12,0,0,1,0,0,0,0,0,0,0,0,1,0,1,1,0,0,0,0,1,1,1,0,0,1,0,1,0,0,0,0,0,0,1,1,1,1,1,1,0,15
E09000012,Hackney,E05009370,Dalston,65,35,12,0,0,1,0,0,0,1,1,0,1,0,0,1,1,1,1,1,1,0,1,0,0,0,0,0,0,0,1,1,1,0,1,0,0,0,0,0,0,0,0,15
E09000028,Southwark,E05011107,North Walworth,65,33,12,0,1,1,0,0,1,0,0,0,0,0,0,0,0,0,0,0,1,0,1,0,0,0,0,0,0,0,0,1,1,1,1,0,1,1,0,1,1,1,1,15
E09000022,Lambeth,E05014105,Kennington,65,148,0,0,0,0,0,0,1,1,0,0,0,0,1,0,1,1,1,1,1,0,1,0,0,0,1,1,1,0,1,0,1,0,0,0,0,0,0,0,0,0,1,15
E09000012,Hackney,E05009373,Hackney Downs,65,35,12,0,0,1,0,0,0,1,1,0,1,0,0,1,1,1,1,1,1,0,1,0,0,0,0,0,0,1,1,1,0,0,0,1,0,0,0,0,0,0,0,15
E09000012,Hackney,E05009381,London Fields,65,148,0,0,0,1,0,0,0,1,1,0,1,0,0,1,1,1,1,1,1,0,0,0,0,0,0,0,0,1,1,1,1,0,0,0,0,0,0,0,0,0,1,15
E09000008,Croydon,E05011487,Waddon,65,168,0,1,1,0,1,0,1,0,0,0,1,0,1,1,0,0,0,0,0,0,0,0,0,0,0,0,0,0,0,0,0,1,1,0,1,1,1,1,1,0,1,15
E09000003,Barnet,E05013630,Burnt Oak,65,91,0,,0,0,0,0,0,0,0,0,0,0,0,0,0,0,0,0,0,0,0,1,1,0,1,1,1,1,1,0,1,1,1,0,1,1,1,1,1,0,0,15
E09000017,Hillingdon,E05013580,Uxbridge,65,91,0,0,0,0,0,0,0,0,0,0,0,0,0,0,0,0,0,0,0,0,0,1,1,1,1,1,1,0,0,1,0,1,1,0,1,1,1,1,1,1,0,15
E09000019,Islington,E05013700,Caledonian,78,190,0,,0,1,1,0,0,0,1,1,1,1,0,0,1,1,0,0,1,0,1,0,0,1,1,1,1,0,0,0,0,0,0,0,0,0,0,0,0,0,0,14
E09000022,Lambeth,E05014111,Stockwell West & Larkhall,78,160,0,0,0,0,0,0,1,1,0,0,0,0,1,0,1,1,1,1,1,0,1,0,0,1,0,1,0,1,1,0,0,0,0,0,0,0,0,0,0,0,1,14
E09000019,Islington,E05013702,Clerkenwell,78,190,0,,0,1,1,0,0,0,1,1,1,1,0,0,1,1,0,0,1,0,1,0,0,1,1,1,1,0,0,0,0,0,0,0,0,0,0,0,0,0,0,14
E09000028,Southwark,E05011098,Chaucer,78,160,0,0,1,1,0,0,1,0,0,0,0,0,0,0,0,0,0,0,1,0,1,1,0,1,1,1,1,0,0,0,0,1,1,1,0,0,0,0,0,1,0,14
E09000028,Southwark,E05011115,St Giles,78,148,0,0,1,1,0,0,1,0,0,0,0,0,0,0,0,0,0,0,1,0,0,0,0,0,0,0,0,1,1,1,1,1,1,1,1,0,0,0,1,0,1,14
E09000011,Greenwich,E05014072,Abbey Wood,78,133,0,1,0,0,0,0,0,0,0,1,0,0,0,0,0,0,0,0,0,0,0,1,1,0,0,0,0,1,1,0,1,0,0,1,1,1,1,1,1,0,1,14
E09000025,Newham,E05013912,Forest Gate South,78,112,0,0,0,0,0,0,0,0,0,0,0,1,0,0,0,0,1,0,0,0,0,1,1,0,1,0,1,0,0,0,1,1,1,0,1,1,1,1,1,0,0,14
E09000007,Camden,E05013666,King's Cross,78,148,0,0,1,0,1,0,0,0,1,0,0,0,0,0,0,0,0,0,0,0,0,0,0,1,1,1,1,0,0,1,1,1,1,0,1,0,0,0,0,1,1,14
E09000022,Lambeth,E05014106,Knight's Hill,78,148,0,0,0,0,0,0,1,1,0,0,0,0,1,0,1,1,1,1,1,0,0,0,0,0,0,0,0,1,1,0,1,0,0,1,0,0,0,0,0,1,1,14
E09000007,Camden,E05013653,Bloomsbury,78,148,0,0,1,0,1,0,0,0,1,0,0,0,0,0,0,0,0,0,0,0,0,1,1,1,1,1,1,0,0,1,0,1,1,0,1,1,0,0,0,0,0,14
E09000026,Redbridge,E05011246,Ilford Town,78,104,0,0,0,0,0,0,0,0,0,0,0,0,0,0,0,0,0,0,0,0,0,1,0,0,1,0,1,1,1,1,1,1,1,1,1,1,0,0,0,1,1,14
E09000005,Brent,E05013515,Wembley Hill,78,112,0,0,0,0,0,0,0,1,0,0,0,0,0,0,0,0,0,1,0,0,0,1,1,1,1,0,1,1,1,1,1,0,0,0,1,1,0,0,0,1,0,14
E09000021,Kingston upon Thames,E05013938,Kingston Town,78,112,0,,0,0,0,0,0,0,0,1,0,0,0,0,0,0,0,0,0,0,0,1,1,1,1,1,1,0,0,0,0,1,1,1,1,1,0,0,0,1,1,14
E09000028,Southwark,E05011110,Peckham,91,42,12,0,1,1,0,0,1,0,0,0,0,0,0,0,0,0,0,0,1,0,1,1,0,0,0,0,0,1,0,1,1,0,0,0,0,0,1,1,1,0,1,13
E09000010,Enfield,E05013680,Enfield Lock,91,35,12,1,0,0,1,0,0,0,0,0,0,0,0,1,0,0,0,0,0,1,1,0,1,0,0,0,0,1,0,1,0,0,0,0,0,1,1,1,1,1,0,13
E09000028,Southwark,E05011108,Nunhead & Queen's Road,91,42,12,0,1,1,0,0,1,0,0,0,0,0,0,0,0,0,0,0,1,0,1,0,0,0,0,0,0,1,1,1,1,1,0,0,0,0,0,1,1,0,1,13
E09000007,Camden,E05013668,Regent's Park,91,160,0,0,1,0,1,0,0,0,1,0,0,0,0,0,0,0,0,0,0,0,0,0,0,1,1,1,1,0,1,1,0,1,1,0,0,1,0,0,0,1,0,13
E09000023,Lewisham,E05013725,Ladywell,91,148,0,0,0,1,0,0,0,0,0,0,0,0,1,0,1,1,0,0,0,0,0,0,0,0,0,0,0,1,0,1,1,1,1,0,1,1,0,0,0,1,1,13
E09000007,Camden,E05013662,Holborn & Covent Garden,91,160,0,0,1,0,1,0,0,0,1,0,0,0,0,0,0,0,0,0,0,0,0,1,1,1,1,1,1,0,0,0,0,1,1,0,1,1,0,0,0,0,0,13
E09000012,Hackney,E05009369,Clissold,91,168,0,0,0,1,0,0,0,1,1,0,1,0,0,1,1,1,1,1,1,0,0,0,0,0,0,0,0,0,1,0,0,0,0,1,0,0,0,0,0,1,0,13
E09000006,Bromley,E05014002,Penge & Cator,91,133,0,0,0,0,0,1,0,0,0,0,0,0,0,0,0,0,0,0,0,0,0,1,1,0,1,1,1,0,0,0,0,1,1,0,1,1,1,1,1,0,0,13
E09000016,Havering,E05013983,St Edward's,91,112,0,0,0,0,0,0,0,0,0,0,0,0,0,0,0,0,0,0,0,1,0,1,1,1,1,0,1,0,0,1,0,1,1,0,1,1,0,0,0,1,1,13
E09000033,Westminster,E05013796,Hyde Park,91,112,0,,0,0,0,0,0,0,0,0,0,0,0,0,0,0,0,0,0,0,0,1,0,1,1,0,1,1,0,1,1,1,1,0,1,1,0,0,0,1,1,13
E09000006,Bromley,E05013991,Bromley Town,91,133,0,0,0,0,0,1,0,0,0,0,0,0,0,0,0,0,0,0,0,0,0,1,1,1,1,1,1,0,0,1,0,1,1,0,1,1,0,0,0,1,0,13
E09000012,Hackney,E05009378,Hoxton West,102,48,12,0,0,1,0,0,0,1,1,0,1,0,0,1,1,1,1,1,1,0,1,0,0,1,0,0,0,0,0,0,0,0,0,0,0,0,0,0,0,0,0,12
E09000028,Southwark,E05011095,Borough & Bankside,102,176,0,0,1,1,0,0,1,0,0,0,0,0,0,0,0,0,0,0,1,0,1,1,0,1,1,1,1,0,0,0,0,1,1,0,0,0,0,0,0,0,0,12
E09000022,Lambeth,E05014107,Myatt's Fields,102,176,0,0,0,0,0,0,1,1,0,0,0,0,1,0,1,1,1,1,1,0,1,0,0,0,0,0,0,1,1,0,0,0,0,0,0,0,0,0,0,0,1,12
E09000010,Enfield,E05013689,Ponders End,102,42,12,1,0,0,1,0,0,0,0,0,0,0,0,1,0,0,0,0,0,1,1,0,0,0,0,0,0,1,0,1,0,0,0,1,1,1,0,0,0,1,1,12
E09000028,Southwark,E05011105,Newington,102,176,0,0,1,1,0,0,1,0,0,0,0,0,0,0,0,0,0,0,1,0,1,0,0,1,1,1,1,0,1,0,0,0,0,1,0,0,0,0,0,0,1,12
E09000012,Hackney,E05009387,Woodberry Down,102,48,12,0,0,1,0,0,0,1,1,0,1,0,0,1,1,1,1,1,1,0,1,0,0,0,0,0,0,0,1,0,0,0,0,0,0,0,0,0,0,0,0,12
E09000012,Hackney,E05009382,Shacklewell,102,190,0,0,0,1,0,0,0,1,1,0,1,0,0,1,1,1,1,1,1,0,1,0,0,0,0,0,0,0,1,0,0,0,0,0,0,0,0,0,0,0,0,12
E09000019,Islington,E05013711,St Peter's & Canalside,102,221,0,,0,1,1,0,0,0,1,1,1,1,0,0,1,1,0,0,1,0,1,0,0,1,0,1,0,0,0,0,0,0,0,0,0,0,0,0,0,0,0,12
E09000025,Newham,E05013908,Custom House,102,35,12,0,0,0,0,0,0,0,0,0,0,1,0,0,0,0,1,0,0,0,1,0,0,0,0,0,0,1,1,0,1,0,0,1,0,0,1,1,1,1,1,12
E09000011,Greenwich,E05014093,Woolwich Common,102,35,12,1,0,0,0,0,0,0,0,1,0,0,0,0,0,0,0,0,0,0,0,1,1,0,0,0,0,0,0,0,0,1,1,1,1,1,1,1,1,0,0,12
E09000008,Croydon,E05011489,Woodside,102,203,0,1,1,0,1,0,1,0,0,0,1,0,1,1,0,0,0,0,0,0,0,0,0,0,0,0,0,0,0,0,0,1,0,0,0,0,1,1,1,0,1,12
E09000009,Ealing,E05013536,South Acton,102,148,0,0,0,0,0,0,0,1,0,0,0,0,0,0,0,0,0,0,0,0,0,1,1,1,1,1,1,0,0,0,1,0,0,1,1,1,0,0,0,0,1,12
E09000025,Newham,E05013919,Plaistow South,102,148,0,0,0,0,0,0,0,0,0,0,0,1,0,0,0,0,1,0,0,0,0,1,1,0,0,0,0,0,0,0,1,1,1,1,1,1,0,0,0,1,1,12
E09000014,Haringey,E05013590,Harringay,102,168,0,0,0,1,0,0,1,1,0,0,0,0,0,1,1,1,0,1,0,1,0,1,0,0,0,0,0,0,1,1,1,0,0,0,0,0,0,0,0,0,0,12
E09000031,Waltham Forest,E05013887,Forest,102,168,0,0,0,0,1,1,0,0,0,0,0,0,1,1,0,0,1,1,1,0,0,0,0,0,0,0,0,1,0,0,1,0,0,1,0,0,0,0,0,1,1,12
E09000022,Lambeth,E05014115,Streatham St Leonard's,102,168,0,0,0,0,0,0,1,1,0,0,0,0,1,0,1,1,1,1,1,0,0,0,0,0,1,0,1,0,0,0,0,1,1,0,0,0,0,0,0,0,0,12
E09000017,Hillingdon,E05013570,Heathrow Villages,102,133,0,0,0,0,0,0,0,0,0,0,0,0,0,0,0,0,0,0,0,0,0,1,1,1,1,1,1,0,0,0,0,1,1,0,1,1,1,0,1,0,0,12
E09000030,Tower Hamlets,E05009319,Bow East,119,168,0,,0,0,0,0,0,0,0,0,1,0,0,0,0,0,1,0,0,0,1,0,1,1,0,1,0,0,0,0,0,0,0,1,0,1,1,1,1,0,0,11
E09000019,Islington,E05013710,St Mary's & St James',119,257,0,,0,1,1,0,0,0,1,1,1,1,0,0,1,1,0,0,1,0,1,0,0,1,0,0,0,0,0,0,0,0,0,0,0,0,0,0,0,0,0,11
E09000014,Haringey,E05013604,White Hart Lane,119,48,12,0,0,1,0,0,1,1,0,0,0,0,0,1,1,1,0,1,0,1,1,0,0,0,0,0,0,1,0,0,0,0,0,0,0,0,0,1,0,0,0,11
E09000019,Islington,E05013709,Mildmay,119,257,0,,0,1,1,0,0,0,1,1,1,1,0,0,1,1,0,0,1,0,1,0,0,0,0,0,0,0,0,1,0,0,0,0,0,0,0,0,0,0,0,11
E09000022,Lambeth,E05014110,Stockwell East,119,190,0,0,0,0,0,0,1,1,0,0,0,0,1,0,1,1,1,1,1,0,1,0,0,0,0,0,0,1,1,0,0,0,0,0,0,0,0,0,0,0,0,11
E09000014,Haringey,E05013598,Seven Sisters,119,48,12,0,0,1,0,0,1,1,0,0,0,0,0,1,1,1,0,1,0,1,1,0,0,0,0,0,0,1,0,1,0,0,0,0,0,0,0,0,0,0,0,11
E09000019,Islington,E05013705,Hillrise,119,257,0,,0,1,1,0,0,0,1,1,1,1,0,0,1,1,0,0,1,0,1,0,0,0,0,0,0,0,0,0,0,0,0,1,0,0,0,0,0,0,0,11
E09000013,Hammersmith and Fulham,E05013748,Shepherd's Bush Green,119,35,12,0,0,0,0,0,0,0,0,0,0,0,0,0,0,0,,,,,1,1,1,1,1,1,1,0,0,1,0,0,1,0,1,0,0,0,0,1,0,11
E09000012,Hackney,E05009367,Brownswood,119,203,0,0,0,1,0,0,0,1,1,0,1,0,0,1,1,1,1,1,1,0,1,0,0,0,0,0,0,0,0,0,0,0,0,0,0,0,0,0,0,0,0,11
E09000019,Islington,E05013701,Canonbury,119,257,0,,0,1,1,0,0,0,1,1,1,1,0,0,1,1,0,0,1,0,1,0,0,0,0,0,0,0,1,0,0,0,0,0,0,0,0,0,0,0,0,11
E09000019,Islington,E05013712,Tollington,119,221,0,,0,1,1,0,0,0,1,1,1,1,0,0,1,1,0,0,1,0,0,0,1,0,0,1,0,0,0,0,0,0,0,0,0,0,0,0,0,0,0,11
E09000012,Hackney,E05009386,Victoria,119,48,12,0,0,1,0,0,0,1,1,0,1,0,0,1,1,1,1,1,1,0,0,0,0,0,0,1,0,0,0,0,0,0,0,0,0,0,0,0,0,0,0,11
E09000022,Lambeth,E05014097,Brixton Rush Common,119,176,0,0,0,0,0,0,1,1,0,0,0,0,1,0,1,1,1,1,1,0,0,0,0,0,0,0,0,1,1,0,0,0,0,1,0,0,0,0,0,0,0,11
E09000012,Hackney,E05009380,Lea Bridge,119,190,0,0,0,1,0,0,0,1,1,0,1,0,0,1,1,1,1,1,1,0,0,0,0,0,0,0,0,0,0,1,0,0,0,0,0,0,0,0,0,0,0,11
E09000031,Waltham Forest,E05013891,High Street,119,176,0,0,0,0,1,1,0,0,0,0,0,0,1,1,0,0,1,1,1,0,0,0,0,0,0,0,0,0,1,1,0,0,0,0,0,0,0,0,0,1,1,11
E09000017,Hillingdon,E05013582,Wood End,119,148,0,0,0,0,0,0,0,0,0,0,0,0,0,0,0,0,0,0,0,0,0,0,1,0,1,1,1,0,0,0,0,0,1,0,1,1,1,1,1,1,0,11
E09000025,Newham,E05013904,Beckton,119,160,0,0,0,0,0,0,0,0,0,0,0,1,0,0,0,0,1,0,0,0,0,1,1,0,0,0,0,0,1,1,0,1,1,0,0,1,1,1,0,0,0,11
E09000009,Ealing,E05013538,Southall Green,119,160,0,0,0,0,0,0,0,1,0,0,0,0,0,0,0,0,0,0,0,0,0,1,1,0,1,0,1,0,0,0,1,0,0,0,1,1,1,1,1,0,0,11
E09000008,Croydon,E05011464,Bensham Manor,119,221,0,1,1,0,1,0,1,0,0,0,1,0,1,1,0,0,0,0,0,0,0,0,0,0,0,0,0,0,0,0,0,1,0,0,0,0,1,1,1,0,0,11
E09000012,Hackney,E05009368,Cazenove,119,190,0,0,0,1,0,0,0,1,1,0,1,0,0,1,1,1,1,1,1,0,0,0,0,0,0,0,0,0,1,0,0,0,0,0,0,0,0,0,0,0,0,11
E09000019,Islington,E05013698,Barnsbury,119,221,0,,0,1,1,0,0,0,1,1,1,1,0,0,1,1,0,0,1,0,0,0,0,1,0,1,0,0,0,0,0,0,0,0,0,0,0,0,0,0,0,11
E09000019,Islington,E05013704,Highbury,119,221,0,,0,1,1,0,0,0,1,1,1,1,0,0,1,1,0,0,1,0,0,0,0,1,0,0,0,0,0,0,0,0,0,0,0,0,0,0,0,1,0,11
E09000012,Hackney,E05009383,Springfield,119,48,12,0,0,1,0,0,0,1,1,0,1,0,0,1,1,1,1,1,1,0,0,0,0,0,0,0,0,0,0,1,0,0,0,0,0,0,0,0,0,0,0,11
E09000022,Lambeth,E05014103,Gipsy Hill,142,60,12,0,0,0,0,0,1,1,0,0,0,0,1,0,1,1,1,1,1,0,1,0,0,0,0,0,0,0,1,0,0,0,0,0,0,0,0,0,0,0,0,10
E09000006,Bromley,E05014007,St Paul's Cray,142,176,0,0,0,0,0,1,0,0,0,0,0,0,0,0,0,0,0,0,0,0,1,1,1,0,0,0,0,1,0,0,0,0,0,0,1,1,1,1,1,0,0,10
E09000019,Islington,E05013706,Holloway,142,291,0,,0,1,1,0,0,0,1,1,1,1,0,0,1,1,0,0,1,0,1,0,0,0,0,0,0,0,0,0,0,0,0,0,0,0,0,0,0,0,0,10
E09000016,Havering,E05013975,Heaton,142,35,12,0,0,0,0,0,0,0,0,0,0,0,0,0,0,0,0,0,0,1,0,1,1,0,0,1,0,1,0,0,0,0,0,0,1,1,1,1,1,0,0,10
E09000022,Lambeth,E05014108,Oval,142,190,0,0,0,0,0,0,1,1,0,0,0,0,1,0,1,1,1,1,1,0,0,0,0,0,0,1,0,0,0,0,0,0,0,1,0,0,0,0,0,0,0,10
E09000022,Lambeth,E05014101,Clapham Park,142,190,0,0,0,0,0,0,1,1,0,0,0,0,1,0,1,1,1,1,1,0,0,0,0,0,0,0,0,1,1,0,0,0,0,0,0,0,0,0,0,0,0,10
E09000014,Haringey,E05013597,St Ann's,142,190,0,0,0,1,0,0,1,1,0,0,0,0,0,1,1,1,0,1,0,1,0,0,0,0,0,0,0,0,1,1,0,0,0,0,0,0,0,0,0,0,0,10
E09000023,Lewisham,E05013731,Sydenham,142,176,0,0,0,1,0,0,0,0,0,0,0,0,1,0,1,1,0,0,0,0,0,0,0,0,0,0,0,1,1,0,0,1,0,0,0,0,1,1,1,0,0,10
E09000022,Lambeth,E05014109,St Martin's,142,190,0,0,0,0,0,0,1,1,0,0,0,0,1,0,1,1,1,1,1,0,0,0,0,0,0,0,0,1,1,0,0,0,0,0,0,0,0,0,0,0,0,10
E09000017,Hillingdon,E05013569,Hayes Town,142,160,0,0,0,0,0,0,0,0,0,0,0,0,0,0,0,0,0,0,0,0,0,1,1,0,1,0,1,0,1,0,1,0,0,1,1,1,0,0,0,0,1,10
E09000012,Hackney,E05009371,De Beauvoir,142,203,0,0,0,1,0,0,0,1,1,0,1,0,0,1,1,1,1,1,1,0,0,0,0,0,0,0,0,0,0,0,0,0,0,0,0,0,0,0,0,0,0,10
E09000017,Hillingdon,E05013566,Colham & Cowley,142,160,0,0,0,0,0,0,0,0,0,0,0,0,0,0,0,0,0,0,0,0,0,1,1,1,0,1,0,0,0,0,0,1,1,0,1,1,1,1,0,0,0,10
E09000012,Hackney,E05009385,Stoke Newington,142,203,0,0,0,1,0,0,0,1,1,0,1,0,0,1,1,1,1,1,1,0,0,0,0,0,0,0,0,0,0,0,0,0,0,0,0,0,0,0,0,0,0,10
E09000012,Hackney,E05009384,Stamford Hill West,142,203,0,0,0,1,0,0,0,1,1,0,1,0,0,1,1,1,1,1,1,0,0,0,0,0,0,0,0,0,0,0,0,0,0,0,0,0,0,0,0,0,0,10
E09000023,Lewisham,E05013714,Bellingham,156,60,12,0,0,1,0,0,0,0,0,0,0,0,1,0,1,1,0,0,0,0,1,0,0,0,0,0,0,0,0,0,0,0,0,0,0,1,1,1,1,0,0,9
E09000010,Enfield,E05013677,Carterhatch,156,60,12,1,0,0,1,0,0,0,0,0,0,0,0,1,0,0,0,0,0,1,1,0,0,0,0,0,0,1,0,1,1,0,0,0,0,0,0,0,0,1,0,9
E09000030,Tower Hamlets,E05009329,St Dunstan's,156,48,12,,0,0,0,0,0,0,0,0,1,0,0,0,0,0,1,0,0,0,1,1,1,1,0,0,0,0,0,0,0,0,0,0,0,0,1,1,0,0,1,9
E09000028,Southwark,E05011114,St George's,156,60,12,0,1,1,0,0,1,0,0,0,0,0,0,0,0,0,0,0,1,0,0,0,0,1,1,1,1,0,0,0,0,0,1,0,0,0,0,0,0,0,0,9
E09000031,Waltham Forest,E05013892,Higham Hill,156,60,12,0,0,0,1,1,0,0,0,0,0,0,1,1,0,0,1,1,1,0,0,0,0,0,0,0,0,0,0,0,0,0,0,1,0,0,0,0,0,0,1,9
E09000002,Barking and Dagenham,E05014060,Eastbury,156,60,12,1,1,0,0,0,0,0,0,0,0,0,1,0,0,0,,,,,0,0,1,0,0,0,0,1,1,0,0,0,0,0,0,0,1,1,1,0,0,9
E09000019,Islington,E05013697,Arsenal,156,291,0,,0,1,1,0,0,0,1,1,1,1,0,0,1,1,0,0,1,0,0,0,0,0,0,0,0,0,0,0,0,0,0,0,0,0,0,0,0,0,0,9
E09000022,Lambeth,E05014113,Streatham Hill East,156,203,0,0,0,0,0,0,1,1,0,0,0,0,1,0,1,1,1,1,1,0,0,0,0,0,0,0,0,0,1,0,0,0,0,0,0,0,0,0,0,0,0,9
E09000031,Waltham Forest,E05013895,Lea Bridge,156,203,0,0,0,0,1,1,0,0,0,0,0,0,1,1,0,0,1,1,1,0,0,0,0,0,0,0,0,1,1,0,0,0,0,0,0,0,0,0,0,0,0,9
E09000030,Tower Hamlets,E05009318,Blackwall & Cubitt Town,156,176,0,,0,0,0,0,0,0,0,0,1,0,0,0,0,0,1,0,0,0,0,0,1,1,0,0,0,0,0,0,0,0,0,1,0,1,1,1,1,0,0,9
E09000005,Brent,E05013517,Willesden Green,156,176,0,0,0,0,0,0,0,1,0,0,0,0,0,0,0,0,0,1,0,0,0,0,0,0,0,0,0,1,0,0,0,1,1,0,0,1,1,1,1,0,0,9
E09000019,Islington,E05013713,Tufnell Park,156,291,0,,0,1,1,0,0,0,1,1,1,1,0,0,1,1,0,0,1,0,0,0,0,0,0,0,0,0,0,0,0,0,0,0,0,0,0,0,0,0,0,9
E09000018,Hounslow,E05013614,Feltham West,156,168,0,0,0,0,0,0,0,0,0,0,0,0,0,0,0,0,0,0,0,0,0,1,1,0,0,0,0,0,0,0,1,0,0,0,1,1,1,1,0,1,1,9
E09000031,Waltham Forest,E05013901,Valley,156,203,0,0,0,0,1,1,0,0,0,0,0,0,1,1,0,0,1,1,1,0,0,0,0,0,0,0,0,0,1,0,0,0,0,1,0,0,0,0,0,0,0,9
E09000022,Lambeth,E05014112,Streatham Common & Vale,156,203,0,0,0,0,0,0,1,1,0,0,0,0,1,0,1,1,1,1,1,0,0,0,0,0,0,0,0,1,0,0,0,0,0,0,0,0,0,0,0,0,0,9
E09000031,Waltham Forest,E05013884,Chapel End,156,203,0,0,0,0,1,1,0,0,0,0,0,0,1,1,0,0,1,1,1,0,0,0,0,0,0,0,0,0,0,0,0,0,0,0,0,0,0,0,0,1,1,9
E09000032,Wandsworth,E05014010,Battersea Park,156,203,0,0,0,0,0,1,1,0,1,0,0,0,0,0,0,0,0,0,0,0,0,1,0,0,0,0,0,0,0,1,0,1,1,1,0,0,0,0,1,0,0,9
E09000025,Newham,E05013909,East Ham,156,176,0,0,0,0,0,0,0,0,0,0,0,1,0,0,0,0,1,0,0,0,0,1,1,0,1,0,1,0,0,1,0,0,0,1,0,0,0,0,0,1,0,9
E09000004,Bexley,E05011219,Bexleyheath,156,176,0,0,0,0,0,0,0,0,0,0,0,1,0,0,0,0,0,0,0,1,0,1,0,1,1,1,1,0,0,0,0,0,0,0,1,0,0,0,0,1,0,9
E09000008,Croydon,E05011484,South Croydon,156,291,0,1,1,0,1,0,1,0,0,0,1,0,1,1,0,0,0,0,0,0,0,0,0,0,0,0,0,0,0,0,0,0,0,0,0,0,1,0,1,0,0,9
E09000033,Westminster,E05013801,Marylebone,156,168,0,,0,0,0,0,0,0,0,0,0,0,0,0,0,0,0,0,0,0,0,1,1,1,1,1,1,0,0,1,0,1,1,0,0,0,0,0,0,0,0,9
E09000008,Croydon,E05011470,New Addington North,177,112,12,1,1,0,1,0,1,0,0,0,1,0,1,1,0,0,0,0,0,0,1,0,0,0,0,0,0,0,0,0,0,0,0,0,0,0,0,0,0,0,0,8
E09000004,Bexley,E05011231,Slade Green & Northend,177,60,12,0,0,0,0,0,0,0,0,0,0,1,0,0,0,0,0,0,0,1,1,0,1,0,0,1,0,0,0,0,0,0,0,0,0,0,1,1,1,0,0,8
E09000008,Croydon,E05011471,New Addington South,177,112,12,1,1,0,1,0,1,0,0,0,1,0,1,1,0,0,0,0,0,0,1,0,0,0,0,0,0,0,0,0,0,0,0,0,0,0,0,0,0,0,0,8
E09000010,Enfield,E05013684,Jubilee,177,71,12,1,0,0,1,0,0,0,0,0,0,0,0,1,0,0,0,0,0,1,1,0,0,0,0,0,0,1,0,0,0,0,0,0,0,0,1,1,0,0,0,8
E09000002,Barking and Dagenham,E05014062,Goresbrook,177,71,12,1,1,0,0,0,0,0,0,0,0,0,1,0,0,0,,,,,0,0,0,0,0,0,0,0,0,1,0,0,0,0,0,0,1,1,1,1,0,8
E09000028,Southwark,E05011112,Rotherhithe,177,221,0,0,1,1,0,0,1,0,0,0,0,0,0,0,0,0,0,0,1,0,0,0,0,0,0,0,0,0,0,1,1,0,0,1,0,0,0,0,0,1,0,8
E09000014,Haringey,E05013591,Hermitage & Gardens,177,221,0,0,0,1,0,0,1,1,0,0,0,0,0,1,1,1,0,1,0,1,0,0,0,0,0,0,0,0,0,0,0,0,0,0,0,0,0,0,0,0,0,8
E09000023,Lewisham,E05013727,Lewisham Central,177,203,0,0,0,1,0,0,0,0,0,0,0,0,1,0,1,1,0,0,0,0,0,1,0,0,1,0,1,0,0,0,0,0,0,0,0,0,0,0,0,1,0,8
E09000030,Tower Hamlets,E05009320,Bow West,177,190,0,,0,0,0,0,0,0,0,0,1,0,0,0,0,0,1,0,0,0,0,0,0,0,0,0,0,0,0,1,1,1,1,1,0,0,0,0,0,0,1,8
E09000011,Greenwich,E05014076,East Greenwich,177,203,0,1,0,0,0,0,0,0,0,1,0,0,0,0,0,0,0,0,0,0,0,1,1,1,1,1,1,0,0,0,0,0,0,0,0,0,0,0,0,0,0,8
E09000031,Waltham Forest,E05013896,Leyton,177,221,0,0,0,0,1,1,0,0,0,0,0,0,1,1,0,0,1,1,1,0,0,0,0,0,0,0,0,0,0,0,0,0,0,0,0,0,0,0,0,0,1,8
E09000023,Lewisham,E05013715,Blackheath,177,203,0,0,0,1,0,0,0,0,0,0,0,0,1,0,1,1,0,0,0,0,0,0,0,1,0,1,0,0,0,0,0,0,0,0,1,1,0,0,0,0,0,8
E09000014,Haringey,E05013593,Hornsey,177,221,0,0,0,1,0,0,1,1,0,0,0,0,0,1,1,1,0,1,0,1,0,0,0,0,0,0,0,0,0,0,0,0,0,0,0,0,0,0,0,0,0,8
E09000014,Haringey,E05013586,Bounds Green,177,221,0,0,0,1,0,0,1,1,0,0,0,0,0,1,1,1,0,1,0,1,0,0,0,0,0,0,0,0,0,0,0,0,0,0,0,0,0,0,0,0,0,8
E09000022,Lambeth,E05014116,Streatham Wells,177,221,0,0,0,0,0,0,1,1,0,0,0,0,1,0,1,1,1,1,1,0,0,0,0,0,0,0,0,0,0,0,0,0,0,0,0,0,0,0,0,0,0,8
E09000008,Croydon,E05011463,Addiscombe West,177,319,0,1,1,0,1,0,1,0,0,0,1,0,1,1,0,0,0,0,0,0,0,0,0,0,0,0,0,0,0,0,0,0,0,1,0,0,0,0,0,0,0,8
E09000014,Haringey,E05013600,Stroud Green,177,221,0,0,0,1,0,0,1,1,0,0,0,0,0,1,1,1,0,1,0,1,0,0,0,0,0,0,0,0,0,0,0,0,0,0,0,0,0,0,0,0,0,8
E09000026,Redbridge,E05011251,Seven Kings,177,176,0,0,0,0,0,0,0,0,0,0,0,0,0,0,0,0,0,0,0,0,0,1,1,0,1,0,1,0,0,0,0,1,1,0,1,1,0,0,0,0,0,8
E09000008,Croydon,E05011473,Norbury Park,177,319,0,1,1,0,1,0,1,0,0,0,1,0,1,1,0,0,0,0,0,0,0,0,0,0,0,0,0,0,0,0,0,0,0,0,0,0,0,0,0,0,1,8
E09000022,Lambeth,E05014099,Clapham Common & Abbeville,177,221,0,0,0,0,0,0,1,1,0,0,0,0,1,0,1,1,1,1,1,0,0,0,0,0,0,0,0,0,0,0,0,0,0,0,0,0,0,0,0,0,0,8
E09000031,Waltham Forest,E05013897,Leytonstone,177,221,0,0,0,0,1,1,0,0,0,0,0,0,1,1,0,0,1,1,1,0,0,0,0,0,0,0,0,0,0,0,0,0,0,1,0,0,0,0,0,0,0,8
E09000022,Lambeth,E05014119,West Dulwich,177,221,0,0,0,0,0,0,1,1,0,0,0,0,1,0,1,1,1,1,1,0,0,0,0,0,0,0,0,0,0,0,0,0,0,0,0,0,0,0,0,0,0,8
E09000018,Hounslow,E05013620,Hounslow Central,177,176,0,0,0,0,0,0,0,0,0,0,0,0,0,0,0,0,0,0,0,0,0,0,0,0,1,0,1,0,0,0,1,1,1,0,1,1,0,0,0,1,0,8
E09000022,Lambeth,E05014114,Streatham Hill West & Thornton,177,221,0,0,0,0,0,0,1,1,0,0,0,0,1,0,1,1,1,1,1,0,0,0,0,0,0,0,0,0,0,0,0,0,0,0,0,0,0,0,0,0,0,8
E09000033,Westminster,E05013797,Knightsbridge & Belgravia,177,176,0,,0,0,0,0,0,0,0,0,0,0,0,0,0,0,0,0,0,0,0,1,1,1,1,1,1,0,0,0,0,1,1,0,0,0,0,0,0,0,0,8
E09000014,Haringey,E05013588,Crouch End,177,221,0,0,0,1,0,0,1,1,0,0,0,0,0,1,1,1,0,1,0,1,0,0,0,0,0,0,0,0,0,0,0,0,0,0,0,0,0,0,0,0,0,8
E09000014,Haringey,E05013592,Highgate,177,221,0,0,0,1,0,0,1,1,0,0,0,0,0,1,1,1,0,1,0,1,0,0,0,0,0,0,0,0,0,0,0,0,0,0,0,0,0,0,0,0,0,8
E09000014,Haringey,E05013585,Alexandra Park,177,221,0,0,0,1,0,0,1,1,0,0,0,0,0,1,1,1,0,1,0,1,0,0,0,0,0,0,0,0,0,0,0,0,0,0,0,0,0,0,0,0,0,8
E09000014,Haringey,E05013594,Muswell Hill,177,221,0,0,0,1,0,0,1,1,0,0,0,0,0,1,1,1,0,1,0,1,0,0,0,0,0,0,0,0,0,0,0,0,0,0,0,0,0,0,0,0,0,8
E09000014,Haringey,E05013589,Fortis Green,177,221,0,0,0,1,0,0,1,1,0,0,0,0,0,1,1,1,0,1,0,1,0,0,0,0,0,0,0,0,0,0,0,0,0,0,0,0,0,0,0,0,0,8
E09000030,Tower Hamlets,E05009335,Weavers,207,71,12,,0,0,0,0,0,0,0,0,1,0,0,0,0,0,1,0,0,0,1,0,0,1,1,1,1,0,0,0,0,0,0,0,0,0,0,0,0,0,0,7
E09000010,Enfield,E05013675,Bullsmoor,207,82,12,1,0,0,1,0,0,0,0,0,0,0,0,1,0,0,0,0,0,1,1,0,0,0,0,0,0,1,0,0,0,0,0,0,0,0,0,0,0,1,0,7
E09000023,Lewisham,E05013728,New Cross Gate,207,82,12,0,0,1,0,0,0,0,0,0,0,0,1,0,1,1,0,0,0,0,1,0,0,0,0,0,0,1,1,0,0,0,0,0,0,0,0,0,0,0,0,7
E09000002,Barking and Dagenham,E05014070,Village,207,91,12,1,1,0,0,0,0,0,0,0,0,0,1,0,0,0,,,,,1,0,0,0,0,0,0,0,0,0,0,0,0,0,0,0,1,1,1,0,0,7
E09000007,Camden,E05013665,Kilburn,207,291,0,0,1,0,1,0,0,0,1,0,0,0,0,0,0,0,0,0,0,0,1,0,0,0,0,0,0,0,0,1,1,0,0,0,0,0,0,0,0,0,1,7
E09000004,Bexley,E05011232,Thamesmead East,207,203,0,0,0,0,0,0,0,0,0,0,0,1,0,0,0,0,0,0,0,1,0,0,1,0,0,0,0,0,0,0,0,0,0,0,0,1,1,1,1,0,0,7
E09000002,Barking and Dagenham,E05014067,Parsloes,207,82,12,1,1,0,0,0,0,0,0,0,0,0,1,0,0,0,,,,,0,0,0,0,0,0,0,0,0,0,0,0,0,1,0,0,1,1,0,1,0,7
E09000005,Brent,E05013503,Kilburn,207,203,0,0,0,0,0,0,0,1,0,0,0,0,0,0,0,0,0,1,0,0,0,0,0,0,0,0,0,1,0,1,1,0,0,1,0,0,0,0,0,0,1,7
E09000002,Barking and Dagenham,E05014069,Valence,207,82,12,1,1,0,0,0,0,0,0,0,0,0,1,0,0,0,,,,,0,0,1,0,0,0,0,0,0,0,0,0,0,0,0,0,1,1,1,0,0,7
E09000004,Bexley,E05011218,Belvedere,207,203,0,0,0,0,0,0,0,0,0,0,0,1,0,0,0,0,0,0,0,1,0,0,0,0,0,0,0,0,1,0,0,0,0,1,0,0,1,1,1,0,0,7
E09000031,Waltham Forest,E05013898,Markhouse,207,257,0,0,0,0,1,1,0,0,0,0,0,0,1,1,0,0,1,1,1,0,0,0,0,0,0,0,0,0,0,0,0,0,0,0,0,0,0,0,0,0,0,7
E09000023,Lewisham,E05013732,Telegraph Hill,207,221,0,0,0,1,0,0,0,0,0,0,0,0,1,0,1,1,0,0,0,0,0,0,0,0,0,0,0,1,1,0,0,0,0,0,0,0,0,0,0,0,1,7
E09000031,Waltham Forest,E05013882,Cann Hall,207,257,0,0,0,0,1,1,0,0,0,0,0,0,1,1,0,0,1,1,1,0,0,0,0,0,0,0,0,0,0,0,0,0,0,0,0,0,0,0,0,0,0,7
E09000009,Ealing,E05013527,North Acton,207,203,0,0,0,0,0,0,0,1,0,0,0,0,0,0,0,0,0,0,0,0,0,0,1,1,0,0,0,0,1,0,1,0,0,1,0,1,0,0,0,0,0,7
E09000023,Lewisham,E05013729,Perry Vale,207,221,0,0,0,1,0,0,0,0,0,0,0,0,1,0,1,1,0,0,0,0,0,0,0,0,0,0,0,0,0,0,0,0,0,0,0,0,1,1,1,0,0,7
E09000031,Waltham Forest,E05013883,Cathall,207,257,0,0,0,0,1,1,0,0,0,0,0,0,1,1,0,0,1,1,1,0,0,0,0,0,0,0,0,0,0,0,0,0,0,0,0,0,0,0,0,0,0,7
E09000031,Waltham Forest,E05013900,Upper Walthamstow,207,257,0,0,0,0,1,1,0,0,0,0,0,0,1,1,0,0,1,1,1,0,0,0,0,0,0,0,0,0,0,0,0,0,0,0,0,0,0,0,0,0,0,7
E09000031,Waltham Forest,E05013903,Wood Street,207,257,0,0,0,0,1,1,0,0,0,0,0,0,1,1,0,0,1,1,1,0,0,0,0,0,0,0,0,0,0,0,0,0,0,0,0,0,0,0,0,0,0,7
E09000008,Croydon,E05011467,Crystal Palace & Upper Norwood,207,358,0,1,1,0,1,0,1,0,0,0,1,0,1,1,0,0,0,0,0,0,0,0,0,0,0,0,0,0,0,0,0,0,0,0,0,0,0,0,0,0,0,7
E09000031,Waltham Forest,E05013902,William Morris,207,257,0,0,0,0,1,1,0,0,0,0,0,0,1,1,0,0,1,1,1,0,0,0,0,0,0,0,0,0,0,0,0,0,0,0,0,0,0,0,0,0,0,7
E09000031,Waltham Forest,E05013893,Hoe Street,207,257,0,0,0,0,1,1,0,0,0,0,0,0,1,1,0,0,1,1,1,0,0,0,0,0,0,0,0,0,0,0,0,0,0,0,0,0,0,0,0,0,0,7
E09000031,Waltham Forest,E05013889,Hale End & Highams Park South,207,257,0,0,0,0,1,1,0,0,0,0,0,0,1,1,0,0,1,1,1,0,0,0,0,0,0,0,0,0,0,0,0,0,0,0,0,0,0,0,0,0,0,7
E09000031,Waltham Forest,E05013899,St James,207,257,0,0,0,0,1,1,0,0,0,0,0,0,1,1,0,0,1,1,1,0,0,0,0,0,0,0,0,0,0,0,0,0,0,0,0,0,0,0,0,0,0,7
E09000031,Waltham Forest,E05013894,Larkswood,207,257,0,0,0,0,1,1,0,0,0,0,0,0,1,1,0,0,1,1,1,0,0,0,0,0,0,0,0,0,0,0,0,0,0,0,0,0,0,0,0,0,0,7
E09000018,Hounslow,E05013622,Hounslow Heath,207,190,0,0,0,0,0,0,0,0,0,0,0,0,0,0,0,0,0,0,0,0,0,0,1,0,0,0,0,0,0,0,0,0,0,1,1,1,1,1,1,0,0,7
E09000031,Waltham Forest,E05013886,Endlebury,207,257,0,0,0,0,1,1,0,0,0,0,0,0,1,1,0,0,1,1,1,0,0,0,0,0,0,0,0,0,0,0,0,0,0,0,0,0,0,0,0,0,0,7
E09000031,Waltham Forest,E05013890,Hatch Lane & Highams Park North,207,257,0,0,0,0,1,1,0,0,0,0,0,0,1,1,0,0,1,1,1,0,0,0,0,0,0,0,0,0,0,0,0,0,0,0,0,0,0,0,0,0,0,7
E09000029,Sutton,E05013765,Sutton Central,207,221,0,0,0,0,0,0,0,0,0,1,0,1,0,0,0,0,0,0,0,0,0,0,0,0,0,0,0,0,0,0,0,0,1,0,1,1,0,0,1,1,0,7
E09000011,Greenwich,E05014079,Eltham Town & Avery Hill,207,221,0,1,0,0,0,0,0,0,0,1,0,0,0,0,0,0,0,0,0,0,0,1,1,1,0,0,0,0,0,0,0,0,0,0,0,0,0,1,0,1,0,7
E09000031,Waltham Forest,E05013885,Chingford Green,207,257,0,0,0,0,1,1,0,0,0,0,0,0,1,1,0,0,1,1,1,0,0,0,0,0,0,0,0,0,0,0,0,0,0,0,0,0,0,0,0,0,0,7
E09000008,Croydon,E05011483,Shirley South,207,358,0,1,1,0,1,0,1,0,0,0,1,0,1,1,0,0,0,0,0,0,0,0,0,0,0,0,0,0,0,0,0,0,0,0,0,0,0,0,0,0,0,7
E09000008,Croydon,E05011482,Shirley North,207,358,0,1,1,0,1,0,1,0,0,0,1,0,1,1,0,0,0,0,0,0,0,0,0,0,0,0,0,0,0,0,0,0,0,0,0,0,0,0,0,0,0,7
E09000008,Croydon,E05011472,Norbury & Pollards Hill,207,358,0,1,1,0,1,0,1,0,0,0,1,0,1,1,0,0,0,0,0,0,0,0,0,0,0,0,0,0,0,0,0,0,0,0,0,0,0,0,0,0,0,7
E09000008,Croydon,E05011462,Addiscombe East,207,358,0,1,1,0,1,0,1,0,0,0,1,0,1,1,0,0,0,0,0,0,0,0,0,0,0,0,0,0,0,0,0,0,0,0,0,0,0,0,0,0,0,7
E09000008,Croydon,E05011480,Selsdon & Addington Village,207,358,0,1,1,0,1,0,1,0,0,0,1,0,1,1,0,0,0,0,0,0,0,0,0,0,0,0,0,0,0,0,0,0,0,0,0,0,0,0,0,0,0,7
E09000031,Waltham Forest,E05013888,Grove Green,207,257,0,0,0,0,1,1,0,0,0,0,0,0,1,1,0,0,1,1,1,0,0,0,0,0,0,0,0,0,0,0,0,0,0,0,0,0,0,0,0,0,0,7
E09000008,Croydon,E05011477,Purley Oaks & Riddlesdown,207,358,0,1,1,0,1,0,1,0,0,0,1,0,1,1,0,0,0,0,0,0,0,0,0,0,0,0,0,0,0,0,0,0,0,0,0,0,0,0,0,0,0,7
E09000008,Croydon,E05011474,Old Coulsdon,207,358,0,1,1,0,1,0,1,0,0,0,1,0,1,1,0,0,0,0,0,0,0,0,0,0,0,0,0,0,0,0,0,0,0,0,0,0,0,0,0,0,0,7
E09000008,Croydon,E05011481,Selsdon Vale & Forestdale,207,358,0,1,1,0,1,0,1,0,0,0,1,0,1,1,0,0,0,0,0,0,0,0,0,0,0,0,0,0,0,0,0,0,0,0,0,0,0,0,0,0,0,7
E09000033,Westminster,E05013798,Lancaster Gate,207,190,0,,0,0,0,0,0,0,0,0,0,0,0,0,0,0,0,0,0,0,0,0,0,1,1,1,1,0,0,1,0,1,0,0,0,0,0,0,0,0,1,7
E09000032,Wandsworth,E05014027,Wandsworth Common,207,257,0,0,0,0,0,1,1,0,1,0,0,0,0,0,0,0,0,0,0,0,0,0,0,1,0,0,0,0,0,0,0,1,1,0,1,0,0,0,0,0,0,7
E09000007,Camden,E05013667,Primrose Hill,207,257,0,0,1,0,1,0,0,0,1,0,0,0,0,0,0,0,0,0,0,0,0,0,0,1,1,0,1,0,0,0,0,0,0,0,0,0,0,0,0,1,0,7
E09000008,Croydon,E05011476,Purley & Woodcote,207,358,0,1,1,0,1,0,1,0,0,0,1,0,1,1,0,0,0,0,0,0,0,0,0,0,0,0,0,0,0,0,0,0,0,0,0,0,0,0,0,0,0,7
E09000008,Croydon,E05011469,Kenley,207,358,0,1,1,0,1,0,1,0,0,0,1,0,1,1,0,0,0,0,0,0,0,0,0,0,0,0,0,0,0,0,0,0,0,0,0,0,0,0,0,0,0,7
E09000008,Croydon,E05011466,Coulsdon Town,207,358,0,1,1,0,1,0,1,0,0,0,1,0,1,1,0,0,0,0,0,0,0,0,0,0,0,0,0,0,0,0,0,0,0,0,0,0,0,0,0,0,0,7
E09000032,Wandsworth,E05014014,Lavender,207,257,0,0,0,0,0,1,1,0,1,0,0,0,0,0,0,0,0,0,0,0,0,0,0,1,1,1,1,0,0,0,0,0,0,0,0,0,0,0,0,0,0,7
E09000008,Croydon,E05011475,Park Hill & Whitgift,207,358,0,1,1,0,1,0,1,0,0,0,1,0,1,1,0,0,0,0,0,0,0,0,0,0,0,0,0,0,0,0,0,0,0,0,0,0,0,0,0,0,0,7
E09000008,Croydon,E05011478,Sanderstead,207,358,0,1,1,0,1,0,1,0,0,0,1,0,1,1,0,0,0,0,0,0,0,0,0,0,0,0,0,0,0,0,0,0,0,0,0,0,0,0,0,0,0,7
E09000033,Westminster,E05013809,Westbourne,255,71,12,,0,0,0,0,0,0,0,0,0,0,0,0,0,0,0,0,0,0,1,0,0,0,0,1,0,0,0,1,1,0,0,0,0,0,0,0,0,1,1,6
E09000002,Barking and Dagenham,E05014065,Mayesbrook,255,91,12,1,1,0,0,0,0,0,0,0,0,0,1,0,0,0,,,,,0,0,0,0,0,0,0,0,0,0,0,0,0,0,0,0,1,1,1,0,0,6
E09000011,Greenwich,E05014094,Woolwich Dockyard,255,82,12,1,0,0,0,0,0,0,0,1,0,0,0,0,0,0,0,0,0,0,0,0,0,0,0,0,0,0,1,0,0,0,0,0,0,0,1,1,1,0,0,6
E09000007,Camden,E05013660,Haverstock,255,291,0,0,1,0,1,0,0,0,1,0,0,0,0,0,0,0,0,0,0,0,0,0,0,1,0,0,0,0,0,0,0,0,0,1,0,0,0,0,0,0,1,6
E09000009,Ealing,E05013533,Norwood Green,255,71,12,0,0,0,0,0,0,1,0,0,0,0,0,0,0,0,0,0,0,0,0,1,1,0,0,0,0,0,0,0,0,0,1,0,1,1,0,0,0,0,0,6
E09000004,Bexley,E05011225,Erith,255,221,0,0,0,0,0,0,0,0,0,0,0,1,0,0,0,0,0,0,0,1,0,0,0,0,0,1,0,0,0,0,0,0,0,0,0,0,1,1,1,0,0,6
E09000025,Newham,E05013927,West Ham,255,221,0,0,0,0,0,0,0,0,0,0,0,1,0,0,0,0,1,0,0,0,0,0,0,0,0,0,0,0,1,0,0,0,0,0,0,0,1,1,1,0,0,6
E09000025,Newham,E05013918,Plaistow North,255,221,0,0,0,0,0,0,0,0,0,0,0,1,0,0,0,0,1,0,0,0,0,0,0,0,0,0,0,0,0,1,0,0,0,1,0,0,1,0,0,1,0,6
E09000032,Wandsworth,E05014018,St Mary's,255,291,0,0,0,0,0,1,1,0,1,0,0,0,0,0,0,0,0,0,0,0,0,0,0,1,0,1,0,0,0,0,0,0,0,1,0,0,0,0,0,0,0,6
E09000009,Ealing,E05013537,Southall Broadway,255,221,0,0,0,0,0,0,0,1,0,0,0,0,0,0,0,0,0,0,0,0,0,1,1,0,1,0,1,0,0,0,1,0,0,0,0,0,0,0,0,0,0,6
E09000004,Bexley,E05011222,Crayford,255,221,0,0,0,0,0,0,0,0,0,0,0,1,0,0,0,0,0,0,0,1,0,1,0,0,0,0,0,0,0,0,0,0,0,1,0,0,0,1,1,0,0,6
E09000015,Harrow,E05013546,Greenhill,255,221,0,0,1,0,0,0,0,0,0,0,0,0,0,0,0,0,0,0,0,0,0,0,0,0,0,0,0,0,0,0,0,1,1,0,1,0,0,0,0,1,1,6
E09000010,Enfield,E05013693,Town,255,257,0,1,0,0,1,0,0,0,0,0,0,0,0,1,0,0,0,0,0,1,0,0,0,0,0,0,0,0,0,1,0,0,0,0,0,0,0,0,0,1,0,6
E09000029,Sutton,E05013768,Sutton West & East Cheam,255,257,0,0,0,0,0,0,0,0,0,1,0,1,0,0,0,0,0,0,0,0,0,1,0,1,1,0,1,0,0,0,0,0,0,0,0,0,0,0,0,0,0,6
E09000009,Ealing,E05013520,Ealing Broadway,255,221,0,0,0,0,0,0,0,1,0,0,0,0,0,0,0,0,0,0,0,0,0,0,0,1,1,0,1,0,0,0,0,0,1,1,0,0,0,0,0,0,0,6
E09000032,Wandsworth,E05014022,Thamesfield,255,291,0,0,0,0,0,1,1,0,1,0,0,0,0,0,0,0,0,0,0,0,0,0,0,1,1,0,1,0,0,0,0,0,0,0,0,0,0,0,0,0,0,6
E09000001,City of London,E09000001,City of London,255,257,0,,,,,1,0,0,,,1,0,,,,,,,,,0,,,1,1,1,1,,,,,,,,,,,,,,,6
E09000033,Westminster,E05013794,Church Street,272,82,12,,0,0,0,0,0,0,0,0,0,0,0,0,0,0,0,0,0,0,1,0,0,0,0,1,0,1,0,0,0,0,0,1,0,0,0,0,0,0,1,5
E09000023,Lewisham,E05013721,Evelyn,272,319,0,0,0,1,0,0,0,0,0,0,0,0,1,0,1,1,0,0,0,0,1,0,0,0,0,0,0,0,0,0,0,0,0,0,0,0,0,0,0,0,0,5
E09000002,Barking and Dagenham,E05014061,Gascoigne,272,112,12,1,1,0,0,0,0,0,0,0,0,0,1,0,0,0,,,,,1,0,0,0,0,0,0,0,0,0,0,0,0,1,0,0,0,0,0,0,0,5
E09000030,Tower Hamlets,E05009322,Bromley South,272,91,12,,0,0,0,0,0,0,0,0,1,0,0,0,0,0,1,0,0,0,1,0,0,0,0,0,0,0,1,0,0,0,0,0,0,0,1,0,0,0,0,5
E09000025,Newham,E05013906,Canning Town North,272,91,12,0,0,0,0,0,0,0,0,0,0,1,0,0,0,0,1,0,0,0,1,0,0,0,0,0,0,1,0,0,0,0,0,0,0,0,0,0,0,1,0,5
E09000025,Newham,E05013920,Plaistow West & Canning Town East,272,82,12,0,0,0,0,0,0,0,0,0,0,1,0,0,0,0,1,0,0,0,0,0,0,0,0,0,0,0,0,0,0,0,0,0,0,0,1,1,1,0,0,5
E09000018,Hounslow,E05013616,Hanworth Village,272,221,0,0,0,0,0,0,0,0,0,0,0,0,0,0,0,0,0,0,0,0,0,0,1,0,0,0,0,0,0,0,0,0,0,0,0,1,1,1,1,0,0,5
E09000026,Redbridge,E05011247,Loxford,272,221,0,0,0,0,0,0,0,0,0,0,0,0,0,0,0,0,0,0,0,0,0,1,1,0,0,0,0,0,1,0,0,0,0,0,0,0,1,1,0,0,0,5
E09000017,Hillingdon,E05013581,West Drayton,272,221,0,0,0,0,0,0,0,0,0,0,0,0,0,0,0,0,0,0,0,0,0,0,1,0,0,0,0,0,0,0,0,0,0,0,0,1,1,1,1,0,0,5
E09000025,Newham,E05013917,Maryland,272,257,0,0,0,0,0,0,0,0,0,0,0,1,0,0,0,0,1,0,0,0,0,1,0,0,0,0,0,0,1,0,1,0,0,0,0,0,0,0,0,0,0,5
E09000002,Barking and Dagenham,E05014058,Chadwell Heath,272,319,0,1,1,0,0,0,0,0,0,0,0,0,1,0,0,0,,,,,0,0,0,0,0,0,0,1,0,0,0,0,0,0,0,0,0,0,0,1,0,5
E09000010,Enfield,E05013691,Southbury,272,291,0,1,0,0,1,0,0,0,0,0,0,0,0,1,0,0,0,0,0,1,0,0,0,0,0,0,0,0,0,0,0,0,0,0,0,0,0,0,0,1,0,5
E09000006,Bromley,E05014006,St Mary Cray,272,257,0,0,0,0,0,1,0,0,0,0,0,0,0,0,0,0,0,0,0,0,0,0,0,0,0,0,0,1,0,0,0,0,0,0,0,0,1,1,1,0,0,5
E09000011,Greenwich,E05014091,West Thamesmead,272,291,0,1,0,0,0,0,0,0,0,1,0,0,0,0,0,0,0,0,0,0,0,0,0,0,0,0,0,0,0,0,1,0,0,1,1,0,0,0,0,0,0,5
E09000025,Newham,E05013916,Manor Park,272,257,0,0,0,0,0,0,0,0,0,0,0,1,0,0,0,0,1,0,0,0,0,0,0,0,1,0,1,0,0,0,0,0,0,1,0,0,0,0,0,0,0,5
E09000011,Greenwich,E05014088,Plumstead Common,272,291,0,1,0,0,0,0,0,0,0,1,0,0,0,0,0,0,0,0,0,0,0,0,0,0,0,0,0,0,0,0,0,0,0,0,0,0,1,1,1,0,0,5
E09000010,Enfield,E05013695,Whitewebbs,272,291,0,1,0,0,1,0,0,0,0,0,0,0,0,1,0,0,0,0,0,1,0,0,0,0,0,0,0,0,0,0,0,0,0,1,0,0,0,0,0,0,0,5
E09000028,Southwark,E05011106,North Bermondsey,272,319,0,0,1,1,0,0,1,0,0,0,0,0,0,0,0,0,0,0,1,0,0,0,0,0,0,1,0,0,0,0,0,0,0,0,0,0,0,0,0,0,0,5
E09000005,Brent,E05013513,Welsh Harp,272,257,0,0,0,0,0,0,0,1,0,0,0,0,0,0,0,0,0,1,0,0,0,0,0,0,0,0,0,1,1,0,0,0,0,1,0,0,0,0,0,0,0,5
E09000032,Wandsworth,E05014028,Wandsworth Town,272,319,0,0,0,0,0,1,1,0,1,0,0,0,0,0,0,0,0,0,0,0,0,0,0,0,0,0,0,1,0,0,0,0,0,0,0,0,0,0,0,1,0,5
E09000007,Camden,E05013661,Highgate,272,319,0,0,1,0,1,0,0,0,1,0,0,0,0,0,0,0,0,0,0,0,0,0,0,0,0,0,0,0,0,0,0,0,0,1,0,0,0,0,0,1,0,5
E09000010,Enfield,E05013692,Southgate,272,291,0,1,0,0,1,0,0,0,0,0,0,0,0,1,0,0,0,0,0,1,0,0,0,0,0,0,0,0,0,0,0,0,0,0,0,0,0,0,0,1,0,5
E09000009,Ealing,E05013541,Walpole,272,257,0,0,0,0,0,0,0,1,0,0,0,0,0,0,0,0,0,0,0,0,0,0,0,1,1,0,1,0,0,0,0,0,0,1,0,0,0,0,0,0,0,5
E09000025,Newham,E05013925,Stratford Olympic Park,272,221,,,,,,,,,,,,,,,,,,,,,,,,,,,,0,0,1,0,1,1,0,1,0,0,0,0,1,0,5
E09000002,Barking and Dagenham,E05014068,Thames View,296,133,12,1,1,0,0,0,0,0,0,0,0,0,1,0,0,0,,,,,1,0,0,0,0,0,0,0,0,0,0,0,0,0,0,0,0,0,0,0,0,4
E09000033,Westminster,E05013804,Queen's Park,296,91,12,,0,0,0,0,0,0,0,0,0,0,0,0,0,0,0,0,0,0,1,0,0,0,0,0,0,1,1,0,0,0,0,0,0,0,0,0,1,0,0,4
E09000030,Tower Hamlets,E05009332,Shadwell,296,319,0,,0,0,0,0,0,0,0,0,1,0,0,0,0,0,1,0,0,0,1,0,0,0,0,1,0,0,0,0,0,0,0,0,0,0,0,0,0,0,0,4
E09000032,Wandsworth,E05014012,Falconbrook,296,458,0,0,0,0,0,1,1,0,1,0,0,0,0,0,0,0,0,0,0,0,1,0,0,0,0,0,0,0,0,0,0,0,0,0,0,0,0,0,0,0,0,4
E09000002,Barking and Dagenham,E05014057,Becontree,296,112,12,1,1,0,0,0,0,0,0,0,0,0,1,0,0,0,,,,,0,0,0,0,0,0,0,0,1,0,0,0,0,0,0,0,0,0,0,0,0,4
E09000009,Ealing,E05013532,Northolt West End,296,91,12,0,0,0,0,0,0,1,0,0,0,0,0,0,0,0,0,0,0,0,0,0,0,0,0,0,0,0,0,0,0,0,0,0,0,0,1,1,1,0,0,4
E09000010,Enfield,E05013673,Bowes,296,319,0,1,0,0,1,0,0,0,0,0,0,0,0,1,0,0,0,0,0,1,0,0,0,0,0,0,0,0,0,0,0,0,0,0,0,0,0,0,0,0,0,4
E09000011,Greenwich,E05014080,Greenwich Creekside,296,319,0,1,0,0,0,0,0,0,0,1,0,0,0,0,0,0,0,0,0,0,0,0,0,1,0,0,0,0,0,0,0,0,0,1,0,0,0,0,0,0,0,4
E09000032,Wandsworth,E05014019,Shaftesbury & Queenstown,296,358,0,0,0,0,0,1,1,0,1,0,0,0,0,0,0,0,0,0,0,0,0,0,0,0,0,0,0,0,0,0,0,0,0,0,0,0,1,0,0,0,0,4
E09000016,Havering,E05013971,Gooshays,296,257,0,0,0,0,0,0,0,0,0,0,0,0,0,0,0,0,0,0,0,1,0,0,0,0,0,0,0,0,0,0,0,0,0,0,0,0,1,1,1,0,0,4
E09000024,Merton,E05013821,Pollards Hill,296,319,0,,0,0,0,0,0,0,1,0,0,1,0,0,0,0,0,0,0,0,0,0,0,0,0,0,0,1,1,0,0,0,0,0,0,0,0,0,0,0,0,4
E09000025,Newham,E05013910,East Ham South,296,91,12,0,0,0,0,0,0,0,0,0,0,1,0,0,0,0,1,0,0,0,0,0,0,0,0,0,0,0,0,0,0,0,0,0,0,0,1,1,0,0,0,4
E09000009,Ealing,E05013531,Northolt Mandeville,296,291,0,0,0,0,0,0,0,1,0,0,0,0,0,0,0,0,0,0,0,0,0,0,0,0,0,0,0,0,0,0,0,0,0,0,0,0,1,1,1,0,0,4
E09000033,Westminster,E05013802,Pimlico North,296,257,0,,0,0,0,0,0,0,0,0,0,0,0,0,0,0,0,0,0,0,0,0,0,1,1,1,1,0,0,0,0,0,0,0,0,0,0,0,0,0,0,4
E09000023,Lewisham,E05013717,Catford South,296,319,0,0,0,1,0,0,0,0,0,0,0,0,1,0,1,1,0,0,0,0,0,0,0,0,0,0,0,0,0,0,0,0,0,0,0,0,0,0,0,0,0,4
E09000023,Lewisham,E05013723,Grove Park,296,319,0,0,0,1,0,0,0,0,0,0,0,0,1,0,1,1,0,0,0,0,0,0,0,0,0,0,0,0,0,0,0,0,0,0,0,0,0,0,0,0,0,4
E09000010,Enfield,E05013686,New Southgate,296,319,0,1,0,0,1,0,0,0,0,0,0,0,0,1,0,0,0,0,0,1,0,0,0,0,0,0,0,0,0,0,0,0,0,0,0,0,0,0,0,0,0,4
E09000002,Barking and Dagenham,E05014071,Whalebone,296,358,0,1,1,0,0,0,0,0,0,0,0,0,1,0,0,0,,,,,0,0,0,0,0,0,0,0,0,0,0,0,0,1,0,0,0,0,0,0,0,4
E09000005,Brent,E05013499,Cricklewood & Mapesbury,296,291,0,0,0,0,0,0,0,1,0,0,0,0,0,0,0,0,0,1,0,0,0,0,0,0,0,0,0,0,0,0,1,0,0,1,0,0,0,0,0,0,0,4
E09000026,Redbridge,E05011240,Clementswood,296,257,0,0,0,0,0,0,0,0,0,0,0,0,0,0,0,0,0,0,0,0,0,0,1,0,1,0,1,0,0,0,0,0,0,1,0,0,0,0,0,0,0,4
E09000018,Hounslow,E05013612,Cranford,296,257,0,0,0,0,0,0,0,0,0,0,0,0,0,0,0,0,0,0,0,0,0,0,0,0,0,0,0,0,0,0,0,0,0,0,0,1,1,1,1,0,0,4
E09000028,Southwark,E05011111,Peckham Rye,296,358,0,0,1,1,0,0,1,0,0,0,0,0,0,0,0,0,0,0,1,0,0,0,0,0,0,0,0,0,0,0,0,0,0,0,0,0,0,0,0,0,0,4
E09000023,Lewisham,E05013722,Forest Hill,296,319,0,0,0,1,0,0,0,0,0,0,0,0,1,0,1,1,0,0,0,0,0,0,0,0,0,0,0,0,0,0,0,0,0,0,0,0,0,0,0,0,0,4
E09000032,Wandsworth,E05014013,Furzedown,296,358,0,0,0,0,0,1,1,0,1,0,0,0,0,0,0,0,0,0,0,0,0,0,0,0,0,0,0,0,0,0,0,0,0,0,0,0,0,0,0,1,0,4
E09000025,Newham,E05013926,Wall End,296,291,0,0,0,0,0,0,0,0,0,0,0,1,0,0,0,0,1,0,0,0,0,0,0,0,0,0,0,0,1,0,0,0,0,1,0,0,0,0,0,0,0,4
E09000009,Ealing,E05013525,Hanwell Broadway,296,291,0,0,0,0,0,0,0,1,0,0,0,0,0,0,0,0,0,0,0,0,0,0,0,0,1,1,1,0,0,0,0,0,0,0,0,0,0,0,0,0,0,4
E09000023,Lewisham,E05013726,Lee Green,296,319,0,0,0,1,0,0,0,0,0,0,0,0,1,0,1,1,0,0,0,0,0,0,0,0,0,0,0,0,0,0,0,0,0,0,0,0,0,0,0,0,0,4
E09000010,Enfield,E05013683,Highfield,296,319,0,1,0,0,1,0,0,0,0,0,0,0,0,1,0,0,0,0,0,1,0,0,0,0,0,0,0,0,0,0,0,0,0,0,0,0,0,0,0,0,0,4
E09000005,Brent,E05013516,Wembley Park,296,291,0,0,0,0,0,0,0,1,0,0,0,0,0,0,0,0,0,1,0,0,0,1,0,1,0,0,0,0,0,0,0,0,0,0,0,0,0,0,0,0,0,4
E09000028,Southwark,E05011097,Champion Hill,296,358,0,0,1,1,0,0,1,0,0,0,0,0,0,0,0,0,0,0,1,0,0,0,0,0,0,0,0,0,0,0,0,0,0,0,0,0,0,0,0,0,0,4
E09000028,Southwark,E05011101,Dulwich Wood,296,358,0,0,1,1,0,0,1,0,0,0,0,0,0,0,0,0,0,0,1,0,0,0,0,0,0,0,0,0,0,0,0,0,0,0,0,0,0,0,0,0,0,4
E09000005,Brent,E05013507,Queens Park,296,291,0,0,0,0,0,0,0,1,0,0,0,0,0,0,0,0,0,1,0,0,0,0,0,1,0,0,0,0,0,1,0,0,0,0,0,0,0,0,0,0,0,4
E09000010,Enfield,E05013690,Ridgeway,296,319,0,1,0,0,1,0,0,0,0,0,0,0,0,1,0,0,0,0,0,1,0,0,0,0,0,0,0,0,0,0,0,0,0,0,0,0,0,0,0,0,0,4
E09000028,Southwark,E05011117,Surrey Docks,296,358,0,0,1,1,0,0,1,0,0,0,0,0,0,0,0,0,0,0,1,0,0,0,0,0,0,0,0,0,0,0,0,0,0,0,0,0,0,0,0,0,0,4
E09000023,Lewisham,E05013718,Crofton Park,296,319,0,0,0,1,0,0,0,0,0,0,0,0,1,0,1,1,0,0,0,0,0,0,0,0,0,0,0,0,0,0,0,0,0,0,0,0,0,0,0,0,0,4
E09000028,Southwark,E05011103,Goose Green,296,358,0,0,1,1,0,0,1,0,0,0,0,0,0,0,0,0,0,0,1,0,0,0,0,0,0,0,0,0,0,0,0,0,0,0,0,0,0,0,0,0,0,4
E09000005,Brent,E05013514,Wembley Central,296,291,0,0,0,0,0,0,0,1,0,0,0,0,0,0,0,0,0,1,0,0,0,0,0,0,1,0,1,0,0,0,0,0,0,0,0,0,0,0,0,0,0,4
E09000010,Enfield,E05013688,Palmers Green,296,319,0,1,0,0,1,0,0,0,0,0,0,0,0,1,0,0,0,0,0,1,0,0,0,0,0,0,0,0,0,0,0,0,0,0,0,0,0,0,0,0,0,4
E09000028,Southwark,E05011099,Dulwich Hill,296,358,0,0,1,1,0,0,1,0,0,0,0,0,0,0,0,0,0,0,1,0,0,0,0,0,0,0,0,0,0,0,0,0,0,0,0,0,0,0,0,0,0,4
E09000010,Enfield,E05013687,Oakwood,296,319,0,1,0,0,1,0,0,0,0,0,0,0,0,1,0,0,0,0,0,1,0,0,0,0,0,0,0,0,0,0,0,0,0,0,0,0,0,0,0,0,0,4
E09000010,Enfield,E05013678,Cockfosters,296,319,0,1,0,0,1,0,0,0,0,0,0,0,0,1,0,0,0,0,0,1,0,0,0,0,0,0,0,0,0,0,0,0,0,0,0,0,0,0,0,0,0,4
E09000010,Enfield,E05013676,Bush Hill Park,296,319,0,1,0,0,1,0,0,0,0,0,0,0,0,1,0,0,0,0,0,1,0,0,0,0,0,0,0,0,0,0,0,0,0,0,0,0,0,0,0,0,0,4
E09000015,Harrow,E05013547,Harrow on the Hill,296,291,0,0,1,0,0,0,0,0,0,0,0,0,0,0,0,0,0,0,0,0,0,0,0,1,1,0,1,0,0,0,0,0,0,0,0,0,0,0,0,0,0,4
E09000003,Barnet,E05013643,Hendon,296,257,0,,0,0,0,0,0,0,0,0,0,0,0,0,0,0,0,0,0,0,0,0,1,0,0,0,0,0,0,0,0,1,1,0,0,1,0,0,0,0,0,4
E09000032,Wandsworth,E05014009,Balham,296,358,0,0,0,0,0,1,1,0,1,0,0,0,0,0,0,0,0,0,0,0,0,0,0,1,0,0,0,0,0,0,0,0,0,0,0,0,0,0,0,0,0,4
E09000010,Enfield,E05013696,Winchmore Hill,296,319,0,1,0,0,1,0,0,0,0,0,0,0,0,1,0,0,0,0,0,1,0,0,0,0,0,0,0,0,0,0,0,0,0,0,0,0,0,0,0,0,0,4
E09000010,Enfield,E05013672,Arnos Grove,296,319,0,1,0,0,1,0,0,0,0,0,0,0,0,1,0,0,0,0,0,1,0,0,0,0,0,0,0,0,0,0,0,0,0,0,0,0,0,0,0,0,0,4
E09000006,Bromley,E05013999,Kelsey & Eden Park,296,291,0,0,0,0,0,1,0,0,0,0,0,0,0,0,0,0,0,0,0,0,0,0,0,1,0,0,0,0,0,0,0,1,1,0,0,0,0,0,0,0,0,4
E09000010,Enfield,E05013681,Grange Park,296,319,0,1,0,0,1,0,0,0,0,0,0,0,0,1,0,0,0,0,0,1,0,0,0,0,0,0,0,0,0,0,0,0,0,0,0,0,0,0,0,0,0,4
E09000028,Southwark,E05011100,Dulwich Village,296,358,0,0,1,1,0,0,1,0,0,0,0,0,0,0,0,0,0,0,1,0,0,0,0,0,0,0,0,0,0,0,0,0,0,0,0,0,0,0,0,0,0,4
E09000027,Richmond upon Thames,E05013786,South Richmond,296,319,0,,0,0,0,1,0,0,0,1,0,0,0,0,0,0,,,,,0,0,0,1,0,0,0,0,0,0,0,0,0,0,0,0,0,0,0,1,0,4
E09000013,Hammersmith and Fulham,E05013741,Hammersmith Broadway,347,104,12,0,0,0,0,0,0,0,0,0,0,0,0,0,0,0,,,,,1,0,0,0,0,0,0,0,0,1,0,0,0,0,0,0,0,0,0,1,0,3
E09000030,Tower Hamlets,E05009321,Bromley North,347,112,12,,0,0,0,0,0,0,0,0,1,0,0,0,0,0,1,0,0,0,1,0,0,0,0,0,0,0,0,0,0,0,0,0,0,0,0,0,0,0,0,3
E09000030,Tower Hamlets,E05009328,Poplar,347,112,12,,0,0,0,0,0,0,0,0,1,0,0,0,0,0,1,0,0,0,1,0,0,0,0,0,0,0,0,0,0,0,0,0,0,0,0,0,0,0,0,3
E09000002,Barking and Dagenham,E05014063,Heath,347,133,12,1,1,0,0,0,0,0,0,0,0,0,1,0,0,0,,,,,0,0,0,0,0,0,0,0,0,0,0,0,0,0,0,0,0,0,0,0,0,3
E09000024,Merton,E05013814,Figge's Marsh,347,358,0,,0,0,0,0,0,0,1,0,0,1,0,0,0,0,0,0,0,0,0,0,0,0,0,0,0,0,0,0,0,0,0,0,0,0,0,0,0,1,0,3
E09000013,Hammersmith and Fulham,E05013736,College Park & Old Oak,347,91,12,0,0,0,0,0,0,0,0,0,0,0,0,0,0,0,,,,,0,0,0,0,0,0,0,0,0,0,1,0,1,0,0,0,0,0,0,0,1,3
E09000011,Greenwich,E05014075,Charlton Village & Riverside,347,358,0,1,0,0,0,0,0,0,0,1,0,0,0,0,0,0,0,0,0,0,0,0,0,0,0,0,0,1,0,0,0,0,0,0,0,0,0,0,0,0,0,3
E09000002,Barking and Dagenham,E05014055,Barking Riverside,347,133,12,1,1,0,0,0,0,0,0,0,0,0,1,0,0,0,,,,,0,0,0,0,0,0,0,0,0,0,0,0,0,0,0,0,0,0,0,0,0,3
E09000030,Tower Hamlets,E05009334,Stepney Green,347,104,12,,0,0,0,0,0,0,0,0,1,0,0,0,0,0,1,0,0,0,0,0,0,0,0,0,0,0,0,0,0,0,0,0,0,0,0,0,0,0,1,3
E09000002,Barking and Dagenham,E05014054,Alibon,347,458,0,1,1,0,0,0,0,0,0,0,0,0,1,0,0,0,,,,,0,0,0,0,0,0,0,0,0,0,0,0,0,0,0,0,0,0,0,0,0,3
E09000011,Greenwich,E05014082,Greenwich Peninsula,347,358,0,1,0,0,0,0,0,0,0,1,0,0,0,0,0,0,0,0,0,0,0,0,0,0,0,0,0,0,0,0,0,0,0,0,1,0,0,0,0,0,0,3
E09000007,Camden,E05013664,Kentish Town South,347,458,0,0,1,0,1,0,0,0,1,0,0,0,0,0,0,0,0,0,0,0,0,0,0,0,0,0,0,0,0,0,0,0,0,0,0,0,0,0,0,0,0,3
E09000002,Barking and Dagenham,E05014056,Beam,347,458,0,1,1,0,0,0,0,0,0,0,0,0,1,0,0,0,,,,,0,0,0,0,0,0,0,0,0,0,0,0,0,0,0,0,0,0,0,0,0,3
E09000007,Camden,E05013654,Camden Square,347,458,0,0,1,0,1,0,0,0,1,0,0,0,0,0,0,0,0,0,0,0,0,0,0,0,0,0,0,0,0,0,0,0,0,0,0,0,0,0,0,0,0,3
E09000002,Barking and Dagenham,E05014059,Eastbrook & Rush Green,347,458,0,1,1,0,0,0,0,0,0,0,0,0,1,0,0,0,,,,,0,0,0,0,0,0,0,0,0,0,0,0,0,0,0,0,0,0,0,0,0,3
E09000032,Wandsworth,E05014015,Nine Elms,347,458,0,0,0,0,0,1,1,0,1,0,0,0,0,0,0,0,0,0,0,0,0,0,0,0,0,0,0,0,0,0,0,0,0,0,0,0,0,0,0,0,0,3
E09000018,Hounslow,E05013606,Bedfont,347,291,0,0,0,0,0,0,0,0,0,0,0,0,0,0,0,0,0,0,0,0,0,0,0,0,0,0,0,0,0,0,0,0,0,0,0,0,1,1,1,0,0,3
E09000025,Newham,E05013915,Little Ilford,347,319,0,0,0,0,0,0,0,0,0,0,0,1,0,0,0,0,1,0,0,0,0,0,0,0,0,0,0,0,0,0,0,0,0,0,0,0,0,1,0,0,0,3
E09000013,Hammersmith and Fulham,E05013749,Walham Green,347,291,0,0,0,0,0,0,0,0,0,0,0,0,0,0,0,0,,,,,0,0,0,1,1,0,1,0,0,0,0,0,0,0,0,0,0,0,0,0,0,3
E09000002,Barking and Dagenham,E05014053,Abbey,347,133,12,1,1,0,0,0,0,0,0,0,0,0,1,0,0,0,,,,,0,0,0,0,0,0,0,0,0,0,0,0,0,0,0,0,0,0,0,0,0,3
E09000009,Ealing,E05013523,Greenford Broadway,347,319,0,0,0,0,0,0,0,1,0,0,0,0,0,0,0,0,0,0,0,0,0,0,1,0,0,0,0,0,0,0,0,0,0,0,0,0,1,0,0,0,0,3
E09000025,Newham,E05013911,Forest Gate North,347,319,0,0,0,0,0,0,0,0,0,0,0,1,0,0,0,0,1,0,0,0,0,0,0,0,0,0,0,0,1,0,0,0,0,0,0,0,0,0,0,0,0,3
E09000009,Ealing,E05013519,Dormers Wells,347,319,0,0,0,0,0,0,0,1,0,0,0,0,0,0,0,0,0,0,0,0,0,0,0,0,1,0,1,0,0,0,0,0,0,0,0,0,0,0,0,0,0,3
E09000007,Camden,E05013658,Gospel Oak,347,458,0,0,1,0,1,0,0,0,1,0,0,0,0,0,0,0,0,0,0,0,0,0,0,0,0,0,0,0,0,0,0,0,0,0,0,0,0,0,0,0,0,3
E09000011,Greenwich,E05014081,Greenwich Park,347,358,0,1,0,0,0,0,0,0,0,1,0,0,0,0,0,0,0,0,0,0,0,0,0,0,0,0,0,0,0,0,0,0,0,1,0,0,0,0,0,0,0,3
E09000033,Westminster,E05013807,Vincent Square,347,291,0,,0,0,0,0,0,0,0,0,0,0,0,0,0,0,0,0,0,0,0,0,0,0,1,1,1,0,0,0,0,0,0,0,0,0,0,0,0,0,0,3
E09000032,Wandsworth,E05014029,West Hill,347,458,0,0,0,0,0,1,1,0,1,0,0,0,0,0,0,0,0,0,0,0,0,0,0,0,0,0,0,0,0,0,0,0,0,0,0,0,0,0,0,0,0,3
E09000007,Camden,E05013670,South Hampstead,347,458,0,0,1,0,1,0,0,0,1,0,0,0,0,0,0,0,0,0,0,0,0,0,0,0,0,0,0,0,0,0,0,0,0,0,0,0,0,0,0,0,0,3
E09000025,Newham,E05013914,Green Street West,347,319,0,0,0,0,0,0,0,0,0,0,0,1,0,0,0,0,1,0,0,0,0,0,0,0,0,0,0,0,1,0,0,0,0,0,0,0,0,0,0,0,0,3
E09000030,Tower Hamlets,E05009324,Island Gardens,347,319,0,,0,0,0,0,0,0,0,0,1,0,0,0,0,0,1,0,0,0,0,0,0,0,0,0,0,0,0,0,0,0,0,1,0,0,0,0,0,0,0,3
E09000005,Brent,E05013497,Barnhill,347,319,0,0,0,0,0,0,0,1,0,0,0,0,0,0,0,0,0,1,0,0,0,0,0,0,0,0,0,0,1,0,0,0,0,0,0,0,0,0,0,0,0,3
E09000032,Wandsworth,E05014023,Tooting Bec,347,458,0,0,0,0,0,1,1,0,1,0,0,0,0,0,0,0,0,0,0,0,0,0,0,0,0,0,0,0,0,0,0,0,0,0,0,0,0,0,0,0,0,3
E09000017,Hillingdon,E05013564,Belmore,347,291,0,0,0,0,0,0,0,0,0,0,0,0,0,0,0,0,0,0,0,0,0,0,0,0,0,0,0,0,0,0,0,0,0,0,0,0,1,1,1,0,0,3
E09000032,Wandsworth,E05014026,Wandle,347,458,0,0,0,0,0,1,1,0,1,0,0,0,0,0,0,0,0,0,0,0,0,0,0,0,0,0,0,0,0,0,0,0,0,0,0,0,0,0,0,0,0,3
E09000007,Camden,E05013671,West Hampstead,347,458,0,0,1,0,1,0,0,0,1,0,0,0,0,0,0,0,0,0,0,0,0,0,0,0,0,0,0,0,0,0,0,0,0,0,0,0,0,0,0,0,0,3
E09000002,Barking and Dagenham,E05014064,Longbridge,347,458,0,1,1,0,0,0,0,0,0,0,0,0,1,0,0,0,,,,,0,0,0,0,0,0,0,0,0,0,0,0,0,0,0,0,0,0,0,0,0,3
E09000007,Camden,E05013656,Fortune Green,347,458,0,0,1,0,1,0,0,0,1,0,0,0,0,0,0,0,0,0,0,0,0,0,0,0,0,0,0,0,0,0,0,0,0,0,0,0,0,0,0,0,0,3
E09000007,Camden,E05013663,Kentish Town North,347,458,0,0,1,0,1,0,0,0,1,0,0,0,0,0,0,0,0,0,0,0,0,0,0,0,0,0,0,0,0,0,0,0,0,0,0,0,0,0,0,0,0,3
E09000032,Wandsworth,E05014030,West Putney,347,458,0,0,0,0,0,1,1,0,1,0,0,0,0,0,0,0,0,0,0,0,0,0,0,0,0,0,0,0,0,0,0,0,0,0,0,0,0,0,0,0,0,3
E09000013,Hammersmith and Fulham,E05013740,Grove,347,291,0,0,0,0,0,0,0,0,0,0,0,0,0,0,0,0,,,,,0,0,0,1,1,0,1,0,0,0,0,0,0,0,0,0,0,0,0,0,0,3
E09000020,Kensington and Chelsea,E05009395,Earl's Court,347,291,0,0,0,0,0,0,0,0,0,0,0,0,0,0,0,0,,,,,0,0,0,0,1,1,1,0,0,0,0,0,0,0,0,0,0,0,0,0,0,3
E09000032,Wandsworth,E05014020,South Balham,347,458,0,0,0,0,0,1,1,0,1,0,0,0,0,0,0,0,0,0,0,0,0,0,0,0,0,0,0,0,0,0,0,0,0,0,0,0,0,0,0,0,0,3
E09000005,Brent,E05013508,Queensbury,347,319,0,0,0,0,0,0,0,1,0,0,0,0,0,0,0,0,0,1,0,0,0,0,0,0,0,0,0,0,1,0,0,0,0,0,0,0,0,0,0,0,0,3
E09000032,Wandsworth,E05014011,East Putney,347,458,0,0,0,0,0,1,1,0,1,0,0,0,0,0,0,0,0,0,0,0,0,0,0,0,0,0,0,0,0,0,0,0,0,0,0,0,0,0,0,0,0,3
E09000032,Wandsworth,E05014025,Trinity,347,458,0,0,0,0,0,1,1,0,1,0,0,0,0,0,0,0,0,0,0,0,0,0,0,0,0,0,0,0,0,0,0,0,0,0,0,0,0,0,0,0,0,3
E09000032,Wandsworth,E05014021,Southfields,347,458,0,0,0,0,0,1,1,0,1,0,0,0,0,0,0,0,0,0,0,0,0,0,0,0,0,0,0,0,0,0,0,0,0,0,0,0,0,0,0,0,0,3
E09000007,Camden,E05013652,Belsize,347,458,0,0,1,0,1,0,0,0,1,0,0,0,0,0,0,0,0,0,0,0,0,0,0,0,0,0,0,0,0,0,0,0,0,0,0,0,0,0,0,0,0,3
E09000024,Merton,E05013829,Wimbledon Town & Dundonald,347,358,0,,0,0,0,0,0,0,1,0,0,1,0,0,0,0,0,0,0,0,0,0,0,1,0,0,0,0,0,0,0,0,0,0,0,0,0,0,0,0,0,3
E09000007,Camden,E05013657,Frognal,347,458,0,0,1,0,1,0,0,0,1,0,0,0,0,0,0,0,0,0,0,0,0,0,0,0,0,0,0,0,0,0,0,0,0,0,0,0,0,0,0,0,0,3
E09000007,Camden,E05013659,Hampstead Town,347,458,0,0,1,0,1,0,0,0,1,0,0,0,0,0,0,0,0,0,0,0,0,0,0,0,0,0,0,0,0,0,0,0,0,0,0,0,0,0,0,0,0,3
E09000027,Richmond upon Thames,E05013787,South Twickenham,347,358,0,,0,0,0,1,0,0,0,1,0,0,0,0,0,0,,,,,0,0,0,1,0,0,0,0,0,0,0,0,0,0,0,0,0,0,0,0,0,3
E09000027,Richmond upon Thames,E05013789,Twickenham Riverside,347,358,0,,0,0,0,1,0,0,0,1,0,0,0,0,0,0,,,,,0,0,0,1,0,0,0,0,0,0,0,0,0,0,0,0,0,0,0,0,0,3
E09000032,Wandsworth,E05014016,Northcote,347,458,0,0,0,0,0,1,1,0,1,0,0,0,0,0,0,0,0,0,0,0,0,0,0,0,0,0,0,0,0,0,0,0,0,0,0,0,0,0,0,0,0,3
E09000020,Kensington and Chelsea,E05009399,Notting Dale,400,112,12,0,0,0,0,0,0,0,0,0,0,0,0,0,0,0,,,,,1,0,0,0,0,0,0,0,0,0,0,0,0,0,0,0,0,0,0,0,1,2
E09000020,Kensington and Chelsea,E05009396,Golborne,400,112,12,0,0,0,0,0,0,0,0,0,0,0,0,0,0,0,,,,,1,0,0,0,0,0,0,0,0,0,0,0,0,0,0,0,0,0,0,0,1,2
E09000013,Hammersmith and Fulham,E05013752,White City,400,112,12,0,0,0,0,0,0,0,0,0,0,0,0,0,0,0,,,,,1,0,0,0,0,0,0,0,1,0,0,0,0,0,0,0,0,0,0,0,0,2
E09000016,Havering,E05013967,Beam Park,400,358,0,0,0,0,0,0,0,0,0,0,0,0,0,0,0,0,0,0,0,1,1,0,0,0,0,0,0,0,0,0,0,0,0,0,0,0,0,0,0,0,0,2
E09000003,Barnet,E05013632,Colindale North,400,112,12,,0,0,0,0,0,0,0,0,0,0,0,0,0,0,0,0,0,0,1,0,0,0,0,0,0,0,1,0,0,0,0,0,0,0,0,0,0,0,0,2
E09000006,Bromley,E05013995,Crystal Palace & Anerley,400,458,0,0,0,0,0,1,0,0,0,0,0,0,0,0,0,0,0,0,0,0,1,0,0,0,0,0,0,0,0,0,0,0,0,0,0,0,0,0,0,0,0,2
E09000025,Newham,E05013907,Canning Town South,400,112,12,0,0,0,0,0,0,0,0,0,0,1,0,0,0,0,1,0,0,0,0,0,0,0,0,0,0,0,0,0,0,0,0,0,0,0,0,0,0,0,0,2
E09000011,Greenwich,E05014077,Eltham Page,400,133,12,1,0,0,0,0,0,0,0,1,0,0,0,0,0,0,0,0,0,0,0,0,0,0,0,0,0,0,0,0,0,0,0,0,0,0,0,0,0,0,0,2
E09000017,Hillingdon,E05013584,Yiewsley,400,319,0,0,0,0,0,0,0,0,0,0,0,0,0,0,0,0,0,0,0,0,0,0,0,0,0,0,0,0,0,0,1,0,0,1,0,0,0,0,0,0,0,2
E09000011,Greenwich,E05014085,Middle Park & Horn Park,400,133,12,1,0,0,0,0,0,0,0,1,0,0,0,0,0,0,0,0,0,0,0,0,0,0,0,0,0,0,0,0,0,0,0,0,0,0,0,0,0,0,0,2
E09000011,Greenwich,E05014090,Thamesmead Moorings,400,458,0,1,0,0,0,0,0,0,0,1,0,0,0,0,0,0,0,0,0,0,0,0,0,0,0,0,0,0,0,0,0,0,0,0,0,0,0,0,0,0,0,2
E09000024,Merton,E05013813,Cricket Green,400,458,0,,0,0,0,0,0,0,1,0,0,1,0,0,0,0,0,0,0,0,0,0,0,0,0,0,0,0,0,0,0,0,0,0,0,0,0,0,0,0,0,2
E09000029,Sutton,E05013762,St Helier West,400,458,0,0,0,0,0,0,0,0,0,1,0,1,0,0,0,0,0,0,0,0,0,0,0,0,0,0,0,0,0,0,0,0,0,0,0,0,0,0,0,0,0,2
E09000029,Sutton,E05013759,Hackbridge,400,458,0,0,0,0,0,0,0,0,0,1,0,1,0,0,0,0,0,0,0,0,0,0,0,0,0,0,0,0,0,0,0,0,0,0,0,0,0,0,0,0,0,2
E09000024,Merton,E05013822,Ravensbury,400,458,0,,0,0,0,0,0,0,1,0,0,1,0,0,0,0,0,0,0,0,0,0,0,0,0,0,0,0,0,0,0,0,0,0,0,0,0,0,0,0,0,2
E09000024,Merton,E05013824,St Helier,400,458,0,,0,0,0,0,0,0,1,0,0,1,0,0,0,0,0,0,0,0,0,0,0,0,0,0,0,0,0,0,0,0,0,0,0,0,0,0,0,0,0,2
E09000029,Sutton,E05013761,St Helier East,400,458,0,0,0,0,0,0,0,0,0,1,0,1,0,0,0,0,0,0,0,0,0,0,0,0,0,0,0,0,0,0,0,0,0,0,0,0,0,0,0,0,0,2
E09000024,Merton,E05013817,Lavender Fields,400,458,0,,0,0,0,0,0,0,1,0,0,1,0,0,0,0,0,0,0,0,0,0,0,0,0,0,0,0,0,0,0,0,0,0,0,0,0,0,0,0,0,2
E09000015,Harrow,E05013562,Wealdstone South,400,358,0,0,1,0,0,0,0,0,0,0,0,0,0,0,0,0,0,0,0,0,0,0,0,0,0,0,0,0,1,0,0,0,0,0,0,0,0,0,0,0,0,2
E09000025,Newham,E05013922,Royal Albert,400,358,0,0,0,0,0,0,0,0,0,0,0,1,0,0,0,0,1,0,0,0,0,0,0,0,0,0,0,0,0,0,0,0,0,0,0,0,0,0,0,0,0,2
E09000018,Hounslow,E05013627,Syon & Brentford Lock,400,319,0,0,0,0,0,0,0,0,0,0,0,0,0,0,0,0,0,0,0,0,0,0,1,0,0,0,0,0,0,0,0,0,1,0,0,0,0,0,0,0,0,2
E09000011,Greenwich,E05014083,Kidbrooke Park,400,458,0,1,0,0,0,0,0,0,0,1,0,0,0,0,0,0,0,0,0,0,0,0,0,0,0,0,0,0,0,0,0,0,0,0,0,0,0,0,0,0,0,2
E09000030,Tower Hamlets,E05009326,Limehouse,400,358,0,,0,0,0,0,0,0,0,0,1,0,0,0,0,0,1,0,0,0,0,0,0,0,0,0,0,0,0,0,0,0,0,0,0,0,0,0,0,0,0,2
E09000025,Newham,E05013905,Boleyn,400,358,0,0,0,0,0,0,0,0,0,0,0,1,0,0,0,0,1,0,0,0,0,0,0,0,0,0,0,0,0,0,0,0,0,0,0,0,0,0,0,0,0,2
E09000011,Greenwich,E05014089,Shooters Hill,400,458,0,1,0,0,0,0,0,0,0,1,0,0,0,0,0,0,0,0,0,0,0,0,0,0,0,0,0,0,0,0,0,0,0,0,0,0,0,0,0,0,0,2
E09000004,Bexley,E05011228,Northumberland Heath,400,358,0,0,0,0,0,0,0,0,0,0,0,1,0,0,0,0,0,0,0,1,0,0,0,0,0,0,0,0,0,0,0,0,0,0,0,0,0,0,0,0,0,2
E09000024,Merton,E05013826,Wandle,400,458,0,,0,0,0,0,0,0,1,0,0,1,0,0,0,0,0,0,0,0,0,0,0,0,0,0,0,0,0,0,0,0,0,0,0,0,0,0,0,0,0,2
E09000011,Greenwich,E05014074,Charlton Hornfair,400,458,0,1,0,0,0,0,0,0,0,1,0,0,0,0,0,0,0,0,0,0,0,0,0,0,0,0,0,0,0,0,0,0,0,0,0,0,0,0,0,0,0,2
E09000025,Newham,E05013913,Green Street East,400,358,0,0,0,0,0,0,0,0,0,0,0,1,0,0,0,0,1,0,0,0,0,0,0,0,0,0,0,0,0,0,0,0,0,0,0,0,0,0,0,0,0,2
E09000011,Greenwich,E05014084,Kidbrooke Village & Sutcliffe,400,458,0,1,0,0,0,0,0,0,0,1,0,0,0,0,0,0,0,0,0,0,0,0,0,0,0,0,0,0,0,0,0,0,0,0,0,0,0,0,0,0,0,2
E09000005,Brent,E05013498,Brondesbury Park,400,358,0,0,0,0,0,0,0,1,0,0,0,0,0,0,0,0,0,1,0,0,0,0,0,0,0,0,0,0,0,0,0,0,0,0,0,0,0,0,0,0,0,2
E09000025,Newham,E05013921,Plashet,400,358,0,0,0,0,0,0,0,0,0,0,0,1,0,0,0,0,1,0,0,0,0,0,0,0,0,0,0,0,0,0,0,0,0,0,0,0,0,0,0,0,0,2
E09000005,Brent,E05013512,Tokyngton,400,358,0,0,0,0,0,0,0,1,0,0,0,0,0,0,0,0,0,1,0,0,0,0,0,0,0,0,0,0,0,0,0,0,0,0,0,0,0,0,0,0,0,2
E09000016,Havering,E05013981,St Alban's,400,319,0,0,0,0,0,0,0,0,0,0,0,0,0,0,0,0,0,0,0,1,0,0,0,0,0,0,0,0,1,0,0,0,0,0,0,0,0,0,0,0,0,2
E09000029,Sutton,E05013763,South Beddington & Roundshaw,400,458,0,0,0,0,0,0,0,0,0,1,0,1,0,0,0,0,0,0,0,0,0,0,0,0,0,0,0,0,0,0,0,0,0,0,0,0,0,0,0,0,0,2
E09000004,Bexley,E05011217,Barnehurst,400,358,0,0,0,0,0,0,0,0,0,0,0,1,0,0,0,0,0,0,0,1,0,0,0,0,0,0,0,0,0,0,0,0,0,0,0,0,0,0,0,0,0,2
E09000030,Tower Hamlets,E05009330,St Katharine's & Wapping,400,358,0,,0,0,0,0,0,0,0,0,1,0,0,0,0,0,1,0,0,0,0,0,0,0,0,0,0,0,0,0,0,0,0,0,0,0,0,0,0,0,0,2
E09000027,Richmond upon Thames,E05013781,Heathfield,400,458,0,,0,0,0,1,0,0,0,1,0,0,0,0,0,0,,,,,0,0,0,0,0,0,0,0,0,0,0,0,0,0,0,0,0,0,0,0,0,2
E09000005,Brent,E05013511,Sudbury,400,358,0,0,0,0,0,0,0,1,0,0,0,0,0,0,0,0,0,1,0,0,0,0,0,0,0,0,0,0,0,0,0,0,0,0,0,0,0,0,0,0,0,2
E09000005,Brent,E05013504,Kingsbury,400,358,0,0,0,0,0,0,0,1,0,0,0,0,0,0,0,0,0,1,0,0,0,0,0,0,0,0,0,0,0,0,0,0,0,0,0,0,0,0,0,0,0,2
E09000005,Brent,E05013496,Alperton,400,358,0,0,0,0,0,0,0,1,0,0,0,0,0,0,0,0,0,1,0,0,0,0,0,0,0,0,0,0,0,0,0,0,0,0,0,0,0,0,0,0,0,2
E09000024,Merton,E05013818,Longthornton,400,458,0,,0,0,0,0,0,0,1,0,0,1,0,0,0,0,0,0,0,0,0,0,0,0,0,0,0,0,0,0,0,0,0,0,0,0,0,0,0,0,0,2
E09000011,Greenwich,E05014086,"Mottingham, Coldharbour & New Eltham",400,458,0,1,0,0,0,0,0,0,0,1,0,0,0,0,0,0,0,0,0,0,0,0,0,0,0,0,0,0,0,0,0,0,0,0,0,0,0,0,0,0,0,2
E09000024,Merton,E05013812,Colliers Wood,400,458,0,,0,0,0,0,0,0,1,0,0,1,0,0,0,0,0,0,0,0,0,0,0,0,0,0,0,0,0,0,0,0,0,0,0,0,0,0,0,0,0,2
E09000027,Richmond upon Thames,E05013779,Hampton North,400,458,0,,0,0,0,1,0,0,0,1,0,0,0,0,0,0,,,,,0,0,0,0,0,0,0,0,0,0,0,0,0,0,0,0,0,0,0,0,0,2
E09000004,Bexley,E05011230,Sidcup,400,358,0,0,0,0,0,0,0,0,0,0,0,1,0,0,0,0,0,0,0,1,0,0,0,0,0,0,0,0,0,0,0,0,0,0,0,0,0,0,0,0,0,2
E09000016,Havering,E05013973,Harold Wood,400,319,0,0,0,0,0,0,0,0,0,0,0,0,0,0,0,0,0,0,0,1,0,0,0,0,0,0,0,0,0,0,0,0,0,1,0,0,0,0,0,0,0,2
E09000009,Ealing,E05013518,Central Greenford,400,358,0,0,0,0,0,0,0,1,0,0,0,0,0,0,0,0,0,0,0,0,0,0,0,0,0,0,0,0,0,0,0,0,0,1,0,0,0,0,0,0,0,2
E09000025,Newham,E05013923,Royal Victoria,400,358,0,0,0,0,0,0,0,0,0,0,0,1,0,0,0,0,1,0,0,0,0,0,0,0,0,0,0,0,0,0,0,0,0,0,0,0,0,0,0,0,0,2
E09000005,Brent,E05013506,Preston,400,358,0,0,0,0,0,0,0,1,0,0,0,0,0,0,0,0,0,1,0,0,0,0,0,0,0,0,0,0,0,0,0,0,0,0,0,0,0,0,0,0,0,2
E09000029,Sutton,E05013771,Wallington South,400,458,0,0,0,0,0,0,0,0,0,1,0,1,0,0,0,0,0,0,0,0,0,0,0,0,0,0,0,0,0,0,0,0,0,0,0,0,0,0,0,0,0,2
E09000011,Greenwich,E05014073,Blackheath Westcombe,400,458,0,1,0,0,0,0,0,0,0,1,0,0,0,0,0,0,0,0,0,0,0,0,0,0,0,0,0,0,0,0,0,0,0,0,0,0,0,0,0,0,0,2
E09000009,Ealing,E05013528,North Greenford,400,358,0,0,0,0,0,0,0,1,0,0,0,0,0,0,0,0,0,0,0,0,0,0,0,0,0,0,0,0,0,0,0,0,0,1,0,0,0,0,0,0,0,2
E09000024,Merton,E05013815,Graveney,400,458,0,,0,0,0,0,0,0,1,0,0,1,0,0,0,0,0,0,0,0,0,0,0,0,0,0,0,0,0,0,0,0,0,0,0,0,0,0,0,0,0,2
E09000005,Brent,E05013505,Northwick Park,400,358,0,0,0,0,0,0,0,1,0,0,0,0,0,0,0,0,0,1,0,0,0,0,0,0,0,0,0,0,0,0,0,0,0,0,0,0,0,0,0,0,0,2
E09000005,Brent,E05013502,Kenton,400,358,0,0,0,0,0,0,0,1,0,0,0,0,0,0,0,0,0,1,0,0,0,0,0,0,0,0,0,0,0,0,0,0,0,0,0,0,0,0,0,0,0,2
E09000029,Sutton,E05013766,Sutton North,400,458,0,0,0,0,0,0,0,0,0,1,0,1,0,0,0,0,0,0,0,0,0,0,0,0,0,0,0,0,0,0,0,0,0,0,0,0,0,0,0,0,0,2
E09000011,Greenwich,E05014078,Eltham Park & Progress,400,458,0,1,0,0,0,0,0,0,0,1,0,0,0,0,0,0,0,0,0,0,0,0,0,0,0,0,0,0,0,0,0,0,0,0,0,0,0,0,0,0,0,2
E09000004,Bexley,E05011224,East Wickham,400,358,0,0,0,0,0,0,0,0,0,0,0,1,0,0,0,0,0,0,0,1,0,0,0,0,0,0,0,0,0,0,0,0,0,0,0,0,0,0,0,0,0,2
E09000004,Bexley,E05011223,Crook Log,400,358,0,0,0,0,0,0,0,0,0,0,0,1,0,0,0,0,0,0,0,1,0,0,0,0,0,0,0,0,0,0,0,0,0,0,0,0,0,0,0,0,0,2
E09000029,Sutton,E05013772,Worcester Park North,400,458,0,0,0,0,0,0,0,0,0,1,0,1,0,0,0,0,0,0,0,0,0,0,0,0,0,0,0,0,0,0,0,0,0,0,0,0,0,0,0,0,0,2
E09000029,Sutton,E05013769,The Wrythe,400,458,0,0,0,0,0,0,0,0,0,1,0,1,0,0,0,0,0,0,0,0,0,0,0,0,0,0,0,0,0,0,0,0,0,0,0,0,0,0,0,0,0,2
E09000006,Bromley,E05013987,Beckenham Town & Copers Cope,400,358,0,0,0,0,0,1,0,0,0,0,0,0,0,0,0,0,0,0,0,0,0,0,0,0,0,0,0,0,0,0,0,0,0,1,0,0,0,0,0,0,0,2
E09000029,Sutton,E05013767,Sutton South,400,458,0,0,0,0,0,0,0,0,0,1,0,1,0,0,0,0,0,0,0,0,0,0,0,0,0,0,0,0,0,0,0,0,0,0,0,0,0,0,0,0,0,2
E09000027,Richmond upon Thames,E05013777,"Ham, Petersham & Richmond Riverside",400,458,0,,0,0,0,1,0,0,0,1,0,0,0,0,0,0,,,,,0,0,0,0,0,0,0,0,0,0,0,0,0,0,0,0,0,0,0,0,0,2
E09000004,Bexley,E05011227,Longlands,400,358,0,0,0,0,0,0,0,0,0,0,0,1,0,0,0,0,0,0,0,1,0,0,0,0,0,0,0,0,0,0,0,0,0,0,0,0,0,0,0,0,0,2
E09000029,Sutton,E05013754,Beddington,400,458,0,0,0,0,0,0,0,0,0,1,0,1,0,0,0,0,0,0,0,0,0,0,0,0,0,0,0,0,0,0,0,0,0,0,0,0,0,0,0,0,0,2
E09000004,Bexley,E05011233,West Heath,400,358,0,0,0,0,0,0,0,0,0,0,0,1,0,0,0,0,0,0,0,1,0,0,0,0,0,0,0,0,0,0,0,0,0,0,0,0,0,0,0,0,0,2
E09000029,Sutton,E05013756,Carshalton Central,400,458,0,0,0,0,0,0,0,0,0,1,0,1,0,0,0,0,0,0,0,0,0,0,0,0,0,0,0,0,0,0,0,0,0,0,0,0,0,0,0,0,0,2
E09000029,Sutton,E05013770,Wallington North,400,458,0,0,0,0,0,0,0,0,0,1,0,1,0,0,0,0,0,0,0,0,0,0,0,0,0,0,0,0,0,0,0,0,0,0,0,0,0,0,0,0,0,2
E09000004,Bexley,E05011229,St Mary's & St James,400,358,0,0,0,0,0,0,0,0,0,0,0,1,0,0,0,0,0,0,0,1,0,0,0,0,0,0,0,0,0,0,0,0,0,0,0,0,0,0,0,0,0,2
E09000024,Merton,E05013810,Abbey,400,458,0,,0,0,0,0,0,0,1,0,0,1,0,0,0,0,0,0,0,0,0,0,0,0,0,0,0,0,0,0,0,0,0,0,0,0,0,0,0,0,0,2
E09000027,Richmond upon Thames,E05013791,Whitton,400,458,0,,0,0,0,1,0,0,0,1,0,0,0,0,0,0,,,,,0,0,0,0,0,0,0,0,0,0,0,0,0,0,0,0,0,0,0,0,0,2
E09000029,Sutton,E05013757,Carshalton South & Clockhouse,400,458,0,0,0,0,0,0,0,0,0,1,0,1,0,0,0,0,0,0,0,0,0,0,0,0,0,0,0,0,0,0,0,0,0,0,0,0,0,0,0,0,0,2
E09000024,Merton,E05013811,Cannon Hill,400,458,0,,0,0,0,0,0,0,1,0,0,1,0,0,0,0,0,0,0,0,0,0,0,0,0,0,0,0,0,0,0,0,0,0,0,0,0,0,0,0,0,2
E09000029,Sutton,E05013764,Stonecot,400,458,0,0,0,0,0,0,0,0,0,1,0,1,0,0,0,0,0,0,0,0,0,0,0,0,0,0,0,0,0,0,0,0,0,0,0,0,0,0,0,0,0,2
E09000004,Bexley,E05011220,Blackfen & Lamorbey,400,358,0,0,0,0,0,0,0,0,0,0,0,1,0,0,0,0,0,0,0,1,0,0,0,0,0,0,0,0,0,0,0,0,0,0,0,0,0,0,0,0,0,2
E09000004,Bexley,E05011226,Falconwood & Welling,400,358,0,0,0,0,0,0,0,0,0,0,0,1,0,0,0,0,0,0,0,1,0,0,0,0,0,0,0,0,0,0,0,0,0,0,0,0,0,0,0,0,0,2
E09000024,Merton,E05013819,Lower Morden,400,458,0,,0,0,0,0,0,0,1,0,0,1,0,0,0,0,0,0,0,0,0,0,0,0,0,0,0,0,0,0,0,0,0,0,0,0,0,0,0,0,0,2
E09000006,Bromley,E05013988,Bickley & Sundridge,400,358,0,0,0,0,0,1,0,0,0,0,0,0,0,0,0,0,0,0,0,0,0,0,0,0,0,0,0,0,0,0,0,0,0,1,0,0,0,0,0,0,0,2
E09000027,Richmond upon Thames,E05013783,Mortlake & Barnes Common,400,458,0,,0,0,0,1,0,0,0,1,0,0,0,0,0,0,,,,,0,0,0,0,0,0,0,0,0,0,0,0,0,0,0,0,0,0,0,0,0,2
E09000027,Richmond upon Thames,E05013780,Hampton Wick & South Teddington,400,458,0,,0,0,0,1,0,0,0,1,0,0,0,0,0,0,,,,,0,0,0,0,0,0,0,0,0,0,0,0,0,0,0,0,0,0,0,0,0,2
E09000024,Merton,E05013827,West Barnes,400,458,0,,0,0,0,0,0,0,1,0,0,1,0,0,0,0,0,0,0,0,0,0,0,0,0,0,0,0,0,0,0,0,0,0,0,0,0,0,0,0,0,2
E09000027,Richmond upon Thames,E05013790,West Twickenham,400,458,0,,0,0,0,1,0,0,0,1,0,0,0,0,0,0,,,,,0,0,0,0,0,0,0,0,0,0,0,0,0,0,0,0,0,0,0,0,0,2
E09000004,Bexley,E05011221,Blendon & Penhill,400,358,0,0,0,0,0,0,0,0,0,0,0,1,0,0,0,0,0,0,0,1,0,0,0,0,0,0,0,0,0,0,0,0,0,0,0,0,0,0,0,0,0,2
E09000029,Sutton,E05013760,North Cheam,400,458,0,0,0,0,0,0,0,0,0,1,0,1,0,0,0,0,0,0,0,0,0,0,0,0,0,0,0,0,0,0,0,0,0,0,0,0,0,0,0,0,0,2
E09000029,Sutton,E05013755,Belmont,400,458,0,0,0,0,0,0,0,0,0,1,0,1,0,0,0,0,0,0,0,0,0,0,0,0,0,0,0,0,0,0,0,0,0,0,0,0,0,0,0,0,0,2
E09000024,Merton,E05013823,Raynes Park,400,458,0,,0,0,0,0,0,0,1,0,0,1,0,0,0,0,0,0,0,0,0,0,0,0,0,0,0,0,0,0,0,0,0,0,0,0,0,0,0,0,0,2
E09000027,Richmond upon Thames,E05013784,North Richmond,400,458,0,,0,0,0,1,0,0,0,1,0,0,0,0,0,0,,,,,0,0,0,0,0,0,0,0,0,0,0,0,0,0,0,0,0,0,0,0,0,2
E09000024,Merton,E05013820,Merton Park,400,458,0,,0,0,0,0,0,0,1,0,0,1,0,0,0,0,0,0,0,0,0,0,0,0,0,0,0,0,0,0,0,0,0,0,0,0,0,0,0,0,0,2
E09000024,Merton,E05013828,Wimbledon Park,400,458,0,,0,0,0,0,0,0,1,0,0,1,0,0,0,0,0,0,0,0,0,0,0,0,0,0,0,0,0,0,0,0,0,0,0,0,0,0,0,0,0,2
E09000027,Richmond upon Thames,E05013776,Fulwell & Hampton Hill,400,458,0,,0,0,0,1,0,0,0,1,0,0,0,0,0,0,,,,,0,0,0,0,0,0,0,0,0,0,0,0,0,0,0,0,0,0,0,0,0,2
E09000027,Richmond upon Thames,E05013782,Kew,400,458,0,,0,0,0,1,0,0,0,1,0,0,0,0,0,0,,,,,0,0,0,0,0,0,0,0,0,0,0,0,0,0,0,0,0,0,0,0,0,2
E09000027,Richmond upon Thames,E05013774,Barnes,400,458,0,,0,0,0,1,0,0,0,1,0,0,0,0,0,0,,,,,0,0,0,0,0,0,0,0,0,0,0,0,0,0,0,0,0,0,0,0,0,2
E09000027,Richmond upon Thames,E05013778,Hampton,400,458,0,,0,0,0,1,0,0,0,1,0,0,0,0,0,0,,,,,0,0,0,0,0,0,0,0,0,0,0,0,0,0,0,0,0,0,0,0,0,2
E09000021,Kingston upon Thames,E05013943,St Mark's & Seething Wells,400,358,0,,0,0,0,0,0,0,0,1,0,0,0,0,0,0,0,0,0,0,0,0,0,1,0,0,0,0,0,0,0,0,0,0,0,0,0,0,0,0,0,2
E09000029,Sutton,E05013758,Cheam,400,458,0,0,0,0,0,0,0,0,0,1,0,1,0,0,0,0,0,0,0,0,0,0,0,0,0,0,0,0,0,0,0,0,0,0,0,0,0,0,0,0,0,2
E09000029,Sutton,E05013773,Worcester Park South,400,458,0,0,0,0,0,0,0,0,0,1,0,1,0,0,0,0,0,0,0,0,0,0,0,0,0,0,0,0,0,0,0,0,0,0,0,0,0,0,0,0,0,2
E09000027,Richmond upon Thames,E05013788,Teddington,400,458,0,,0,0,0,1,0,0,0,1,0,0,0,0,0,0,,,,,0,0,0,0,0,0,0,0,0,0,0,0,0,0,0,0,0,0,0,0,0,2
E09000027,Richmond upon Thames,E05013785,St Margarets & North Twickenham,400,458,0,,0,0,0,1,0,0,0,1,0,0,0,0,0,0,,,,,0,0,0,0,0,0,0,0,0,0,0,0,0,0,0,0,0,0,0,0,0,2
E09000027,Richmond upon Thames,E05013775,East Sheen,400,458,0,,0,0,0,1,0,0,0,1,0,0,0,0,0,0,,,,,0,0,0,0,0,0,0,0,0,0,0,0,0,0,0,0,0,0,0,0,0,2
E09000024,Merton,E05013816,Hillside,400,458,0,,0,0,0,0,0,0,1,0,0,1,0,0,0,0,0,0,0,0,0,0,0,0,0,0,0,0,0,0,0,0,0,0,0,0,0,0,0,0,0,2
E09000024,Merton,E05013825,Village,400,458,0,,0,0,0,0,0,0,1,0,0,1,0,0,0,0,0,0,0,0,0,0,0,0,0,0,0,0,0,0,0,0,0,0,0,0,0,0,0,0,0,2
E09000018,Hounslow,E05013607,Brentford East,503,133,12,0,0,0,0,0,0,0,0,0,0,0,0,0,0,0,0,0,0,0,1,0,0,0,0,0,0,0,0,0,0,0,0,0,0,0,0,0,0,0,0,1
E09000013,Hammersmith and Fulham,E05013753,Wormholt,503,458,0,0,0,0,0,0,0,0,0,0,0,0,0,0,0,0,,,,,1,0,0,0,0,0,0,0,0,0,0,0,0,0,0,0,0,0,0,0,0,1
E09000020,Kensington and Chelsea,E05009394,Dalgarno,503,133,12,0,0,0,0,0,0,0,0,0,0,0,0,0,0,0,,,,,1,0,0,0,0,0,0,0,0,0,0,0,0,0,0,0,0,0,0,0,0,1
E09000033,Westminster,E05013795,Harrow Road,503,358,0,,0,0,0,0,0,0,0,0,0,0,0,0,0,0,0,0,0,0,0,0,0,0,0,0,0,0,1,0,0,0,0,0,0,0,0,0,0,0,0,1
E09000006,Bromley,E05014000,Mottingham,503,458,0,0,0,0,0,1,0,0,0,0,0,0,0,0,0,0,0,0,0,0,0,0,0,0,0,0,0,0,0,0,0,0,0,0,0,0,0,0,0,0,0,1
E09000021,Kingston upon Thames,E05013941,Norbiton,503,458,0,,0,0,0,0,0,0,0,1,0,0,0,0,0,0,0,0,0,0,0,0,0,0,0,0,0,0,0,0,0,0,0,0,0,0,0,0,0,0,0,1
E09000017,Hillingdon,E05013583,Yeading,503,358,0,0,0,0,0,0,0,0,0,0,0,0,0,0,0,0,0,0,0,0,0,0,0,0,0,0,0,0,0,0,0,0,0,0,0,0,1,0,0,0,0,1
E09000016,Havering,E05013980,Rush Green & Crowlands,503,358,0,0,0,0,0,0,0,0,0,0,0,0,0,0,0,0,0,0,0,1,0,0,0,0,0,0,0,0,0,0,0,0,0,0,0,0,0,0,0,0,0,1
E09000009,Ealing,E05013522,East Acton,503,458,0,0,0,0,0,0,0,1,0,0,0,0,0,0,0,0,0,0,0,0,0,0,0,0,0,0,0,0,0,0,0,0,0,0,0,0,0,0,0,0,0,1
E09000015,Harrow,E05013561,Wealdstone North,503,458,0,0,1,0,0,0,0,0,0,0,0,0,0,0,0,0,0,0,0,0,0,0,0,0,0,0,0,0,0,0,0,0,0,0,0,0,0,0,0,0,0,1
E09000015,Harrow,E05013558,Roxbourne,503,458,0,0,1,0,0,0,0,0,0,0,0,0,0,0,0,0,0,0,0,0,0,0,0,0,0,0,0,0,0,0,0,0,0,0,0,0,0,0,0,0,0,1
E09000017,Hillingdon,E05013576,Pinkwell,503,358,0,0,0,0,0,0,0,0,0,0,0,0,0,0,0,0,0,0,0,0,0,0,0,0,0,0,0,0,0,0,0,0,0,0,0,0,0,0,1,0,0,1
E09000016,Havering,E05013984,South Hornchurch,503,358,0,0,0,0,0,0,0,0,0,0,0,0,0,0,0,0,0,0,0,1,0,0,0,0,0,0,0,0,0,0,0,0,0,0,0,0,0,0,0,0,0,1
E09000026,Redbridge,E05011244,Goodmayes,503,358,0,0,0,0,0,0,0,0,0,0,0,0,0,0,0,0,0,0,0,0,0,0,0,0,0,0,0,0,0,0,0,0,0,1,0,0,0,0,0,0,0,1
E09000020,Kensington and Chelsea,E05009392,Colville,503,358,0,0,0,0,0,0,0,0,0,0,0,0,0,0,0,0,,,,,0,0,0,0,0,0,0,1,0,0,0,0,0,0,0,0,0,0,0,0,0,1
E09000016,Havering,E05013974,Havering-atte-Bower,503,358,0,0,0,0,0,0,0,0,0,0,0,0,0,0,0,0,0,0,0,1,0,0,0,0,0,0,0,0,0,0,0,0,0,0,0,0,0,0,0,0,0,1
E09000015,Harrow,E05013548,Harrow Weald,503,458,0,0,1,0,0,0,0,0,0,0,0,0,0,0,0,0,0,0,0,0,0,0,0,0,0,0,0,0,0,0,0,0,0,0,0,0,0,0,0,0,0,1
E09000015,Harrow,E05013563,West Harrow,503,458,0,0,1,0,0,0,0,0,0,0,0,0,0,0,0,0,0,0,0,0,0,0,0,0,0,0,0,0,0,0,0,0,0,0,0,0,0,0,0,0,0,1
E09000016,Havering,E05013979,Rainham & Wennington,503,358,0,0,0,0,0,0,0,0,0,0,0,0,0,0,0,0,0,0,0,1,0,0,0,0,0,0,0,0,0,0,0,0,0,0,0,0,0,0,0,0,0,1
E09000003,Barnet,E05013633,Colindale South,503,358,0,,0,0,0,0,0,0,0,0,0,0,0,0,0,0,0,0,0,0,0,0,0,0,0,1,0,0,0,0,0,0,0,0,0,0,0,0,0,0,0,1
E09000026,Redbridge,E05011248,Mayfield,503,358,0,0,0,0,0,0,0,0,0,0,0,0,0,0,0,0,0,0,0,0,0,0,0,0,0,0,0,0,0,0,0,0,0,1,0,0,0,0,0,0,0,1
E09000009,Ealing,E05013539,Southall West,503,458,0,0,0,0,0,0,0,1,0,0,0,0,0,0,0,0,0,0,0,0,0,0,0,0,0,0,0,0,0,0,0,0,0,0,0,0,0,0,0,0,0,1
E09000009,Ealing,E05013529,North Hanwell,503,458,0,0,0,0,0,0,0,1,0,0,0,0,0,0,0,0,0,0,0,0,0,0,0,0,0,0,0,0,0,0,0,0,0,0,0,0,0,0,0,0,0,1
E09000033,Westminster,E05013800,Maida Vale,503,358,0,,0,0,0,0,0,0,0,0,0,0,0,0,0,0,0,0,0,0,0,0,0,0,0,1,0,0,0,0,0,0,0,0,0,0,0,0,0,0,0,1
E09000009,Ealing,E05013526,Lady Margaret,503,458,0,0,0,0,0,0,0,1,0,0,0,0,0,0,0,0,0,0,0,0,0,0,0,0,0,0,0,0,0,0,0,0,0,0,0,0,0,0,0,0,0,1
E09000015,Harrow,E05013559,Roxeth,503,458,0,0,1,0,0,0,0,0,0,0,0,0,0,0,0,0,0,0,0,0,0,0,0,0,0,0,0,0,0,0,0,0,0,0,0,0,0,0,0,0,0,1
E09000016,Havering,E05013969,Elm Park,503,358,0,0,0,0,0,0,0,0,0,0,0,0,0,0,0,0,0,0,0,1,0,0,0,0,0,0,0,0,0,0,0,0,0,0,0,0,0,0,0,0,0,1
E09000003,Barnet,E05013640,Friern Barnet,503,358,0,,0,0,0,0,0,0,0,0,0,0,0,0,0,0,0,0,0,0,0,0,0,0,0,1,0,0,0,0,0,0,0,0,0,0,0,0,0,0,0,1
E09000009,Ealing,E05013534,Perivale,503,458,0,0,0,0,0,0,0,1,0,0,0,0,0,0,0,0,0,0,0,0,0,0,0,0,0,0,0,0,0,0,0,0,0,0,0,0,0,0,0,0,0,1
E09000003,Barnet,E05013651,Woodhouse,503,358,0,,0,0,0,0,0,0,0,0,0,0,0,0,0,0,0,0,0,0,0,0,0,0,0,0,0,0,0,0,0,0,0,0,0,0,0,0,0,1,0,1
E09000016,Havering,E05013978,Mawneys,503,358,0,0,0,0,0,0,0,0,0,0,0,0,0,0,0,0,0,0,0,1,0,0,0,0,0,0,0,0,0,0,0,0,0,0,0,0,0,0,0,0,0,1
E09000021,Kingston upon Thames,E05013942,Old Malden,503,458,0,,0,0,0,0,0,0,0,1,0,0,0,0,0,0,0,0,0,0,0,0,0,0,0,0,0,0,0,0,0,0,0,0,0,0,0,0,0,0,0,1
E09000009,Ealing,E05013535,Pitshanger,503,458,0,0,0,0,0,0,0,1,0,0,0,0,0,0,0,0,0,0,0,0,0,0,0,0,0,0,0,0,0,0,0,0,0,0,0,0,0,0,0,0,0,1
E09000018,Hounslow,E05013624,Hounslow West,503,358,0,0,0,0,0,0,0,0,0,0,0,0,0,0,0,0,0,0,0,0,0,0,0,0,0,0,0,0,0,0,0,0,0,1,0,0,0,0,0,0,0,1
E09000026,Redbridge,E05011253,Valentines,503,358,0,0,0,0,0,0,0,0,0,0,0,0,0,0,0,0,0,0,0,0,0,0,0,0,0,0,0,0,0,0,0,1,0,0,0,0,0,0,0,0,0,1
E09000026,Redbridge,E05011241,Cranbrook,503,358,0,0,0,0,0,0,0,0,0,0,0,0,0,0,0,0,0,0,0,0,0,0,0,0,0,0,0,0,0,0,0,0,0,1,0,0,0,0,0,0,0,1
E09000006,Bromley,E05014004,Plaistow,503,458,0,0,0,0,0,1,0,0,0,0,0,0,0,0,0,0,0,0,0,0,0,0,0,0,0,0,0,0,0,0,0,0,0,0,0,0,0,0,0,0,0,1
E09000009,Ealing,E05013521,Ealing Common,503,458,0,0,0,0,0,0,0,1,0,0,0,0,0,0,0,0,0,0,0,0,0,0,0,0,0,0,0,0,0,0,0,0,0,0,0,0,0,0,0,0,0,1
E09000021,Kingston upon Thames,E05013931,Chessington South & Malden Rushett,503,458,0,,0,0,0,0,0,0,0,1,0,0,0,0,0,0,0,0,0,0,0,0,0,0,0,0,0,0,0,0,0,0,0,0,0,0,0,0,0,0,0,1
E09000021,Kingston upon Thames,E05013934,Green Lane & St James,503,458,0,,0,0,0,0,0,0,0,1,0,0,0,0,0,0,0,0,0,0,0,0,0,0,0,0,0,0,0,0,0,0,0,0,0,0,0,0,0,0,0,1
E09000015,Harrow,E05013553,Marlborough,503,458,0,0,1,0,0,0,0,0,0,0,0,0,0,0,0,0,0,0,0,0,0,0,0,0,0,0,0,0,0,0,0,0,0,0,0,0,0,0,0,0,0,1
E09000021,Kingston upon Thames,E05013945,Tolworth,503,458,0,,0,0,0,0,0,0,0,1,0,0,0,0,0,0,0,0,0,0,0,0,0,0,0,0,0,0,0,0,0,0,0,0,0,0,0,0,0,0,0,1
E09000006,Bromley,E05014001,Orpington,503,458,0,0,0,0,0,1,0,0,0,0,0,0,0,0,0,0,0,0,0,0,0,0,0,0,0,0,0,0,0,0,0,0,0,0,0,0,0,0,0,0,0,1
E09000015,Harrow,E05013551,Kenton East,503,458,0,0,1,0,0,0,0,0,0,0,0,0,0,0,0,0,0,0,0,0,0,0,0,0,0,0,0,0,0,0,0,0,0,0,0,0,0,0,0,0,0,1
E09000015,Harrow,E05013550,Headstone,503,458,0,0,1,0,0,0,0,0,0,0,0,0,0,0,0,0,0,0,0,0,0,0,0,0,0,0,0,0,0,0,0,0,0,0,0,0,0,0,0,0,0,1
E09000015,Harrow,E05013543,Canons,503,458,0,0,1,0,0,0,0,0,0,0,0,0,0,0,0,0,0,0,0,0,0,0,0,0,0,0,0,0,0,0,0,0,0,0,0,0,0,0,0,0,0,1
E09000015,Harrow,E05013545,Edgware,503,458,0,0,1,0,0,0,0,0,0,0,0,0,0,0,0,0,0,0,0,0,0,0,0,0,0,0,0,0,0,0,0,0,0,0,0,0,0,0,0,0,0,1
E09000016,Havering,E05013982,St Andrew's,503,358,0,0,0,0,0,0,0,0,0,0,0,0,0,0,0,0,0,0,0,1,0,0,0,0,0,0,0,0,0,0,0,0,0,0,0,0,0,0,0,0,0,1
E09000021,Kingston upon Thames,E05013935,Hook & Chessington North,503,458,0,,0,0,0,0,0,0,0,1,0,0,0,0,0,0,0,0,0,0,0,0,0,0,0,0,0,0,0,0,0,0,0,0,0,0,0,0,0,0,0,1
E09000003,Barnet,E05013631,Childs Hill,503,358,0,,0,0,0,0,0,0,0,0,0,0,0,0,0,0,0,0,0,0,0,0,0,0,0,1,0,0,0,0,0,0,0,0,0,0,0,0,0,0,0,1
E09000026,Redbridge,E05011234,Aldborough,503,358,0,0,0,0,0,0,0,0,0,0,0,0,0,0,0,0,0,0,0,0,0,0,0,0,0,0,0,0,0,0,0,0,0,1,0,0,0,0,0,0,0,1
E09000015,Harrow,E05013560,Stanmore,503,458,0,0,1,0,0,0,0,0,0,0,0,0,0,0,0,0,0,0,0,0,0,0,0,0,0,0,0,0,0,0,0,0,0,0,0,0,0,0,0,0,0,1
E09000021,Kingston upon Thames,E05013944,Surbiton Hill,503,458,0,,0,0,0,0,0,0,0,1,0,0,0,0,0,0,0,0,0,0,0,0,0,0,0,0,0,0,0,0,0,0,0,0,0,0,0,0,0,0,0,1
E09000021,Kingston upon Thames,E05013940,New Malden Village,503,458,0,,0,0,0,0,0,0,0,1,0,0,0,0,0,0,0,0,0,0,0,0,0,0,0,0,0,0,0,0,0,0,0,0,0,0,0,0,0,0,0,1
E09000009,Ealing,E05013540,Southfield,503,458,0,0,0,0,0,0,0,1,0,0,0,0,0,0,0,0,0,0,0,0,0,0,0,0,0,0,0,0,0,0,0,0,0,0,0,0,0,0,0,0,0,1
E09000006,Bromley,E05013989,Biggin Hill,503,458,0,0,0,0,0,1,0,0,0,0,0,0,0,0,0,0,0,0,0,0,0,0,0,0,0,0,0,0,0,0,0,0,0,0,0,0,0,0,0,0,0,1
E09000006,Bromley,E05013990,Bromley Common & Holwood,503,458,0,0,0,0,0,1,0,0,0,0,0,0,0,0,0,0,0,0,0,0,0,0,0,0,0,0,0,0,0,0,0,0,0,0,0,0,0,0,0,0,0,1
E09000009,Ealing,E05013524,Hanger Hill,503,458,0,0,0,0,0,0,0,1,0,0,0,0,0,0,0,0,0,0,0,0,0,0,0,0,0,0,0,0,0,0,0,0,0,0,0,0,0,0,0,0,0,1
E09000016,Havering,E05013977,Marshalls & Rise Park,503,358,0,0,0,0,0,0,0,0,0,0,0,0,0,0,0,0,0,0,0,1,0,0,0,0,0,0,0,0,0,0,0,0,0,0,0,0,0,0,0,0,0,1
E09000006,Bromley,E05013994,Clock House,503,458,0,0,0,0,0,1,0,0,0,0,0,0,0,0,0,0,0,0,0,0,0,0,0,0,0,0,0,0,0,0,0,0,0,0,0,0,0,0,0,0,0,1
E09000015,Harrow,E05013557,Rayners Lane,503,458,0,0,1,0,0,0,0,0,0,0,0,0,0,0,0,0,0,0,0,0,0,0,0,0,0,0,0,0,0,0,0,0,0,0,0,0,0,0,0,0,0,1
E09000016,Havering,E05013985,Squirrels Heath,503,358,0,0,0,0,0,0,0,0,0,0,0,0,0,0,0,0,0,0,0,1,0,0,0,0,0,0,0,0,0,0,0,0,0,0,0,0,0,0,0,0,0,1
E09000015,Harrow,E05013554,North Harrow,503,458,0,0,1,0,0,0,0,0,0,0,0,0,0,0,0,0,0,0,0,0,0,0,0,0,0,0,0,0,0,0,0,0,0,0,0,0,0,0,0,0,0,1
E09000006,Bromley,E05013992,Chelsfield,503,458,0,0,0,0,0,1,0,0,0,0,0,0,0,0,0,0,0,0,0,0,0,0,0,0,0,0,0,0,0,0,0,0,0,0,0,0,0,0,0,0,0,1
E09000021,Kingston upon Thames,E05013939,Motspur Park & Old Malden East,503,458,0,,0,0,0,0,0,0,0,1,0,0,0,0,0,0,0,0,0,0,0,0,0,0,0,0,0,0,0,0,0,0,0,0,0,0,0,0,0,0,0,1
E09000016,Havering,E05013976,Hylands & Harrow Lodge,503,358,0,0,0,0,0,0,0,0,0,0,0,0,0,0,0,0,0,0,0,1,0,0,0,0,0,0,0,0,0,0,0,0,0,0,0,0,0,0,0,0,0,1
E09000021,Kingston upon Thames,E05013930,Canbury Gardens,503,458,0,,0,0,0,0,0,0,0,1,0,0,0,0,0,0,0,0,0,0,0,0,0,0,0,0,0,0,0,0,0,0,0,0,0,0,0,0,0,0,0,1
E09000015,Harrow,E05013552,Kenton West,503,458,0,0,1,0,0,0,0,0,0,0,0,0,0,0,0,0,0,0,0,0,0,0,0,0,0,0,0,0,0,0,0,0,0,0,0,0,0,0,0,0,0,1
E09000015,Harrow,E05013544,Centenary,503,458,0,0,1,0,0,0,0,0,0,0,0,0,0,0,0,0,0,0,0,0,0,0,0,0,0,0,0,0,0,0,0,0,0,0,0,0,0,0,0,0,0,1
E09000021,Kingston upon Thames,E05013936,King George's & Sunray,503,458,0,,0,0,0,0,0,0,0,1,0,0,0,0,0,0,0,0,0,0,0,0,0,0,0,0,0,0,0,0,0,0,0,0,0,0,0,0,0,0,0,1
E09000015,Harrow,E05013542,Belmont,503,458,0,0,1,0,0,0,0,0,0,0,0,0,0,0,0,0,0,0,0,0,0,0,0,0,0,0,0,0,0,0,0,0,0,0,0,0,0,0,0,0,0,1
E09000033,Westminster,E05013805,Regent's Park,503,358,0,,0,0,0,0,0,0,0,0,0,0,0,0,0,0,0,0,0,0,0,0,0,1,0,0,0,0,0,0,0,0,0,0,0,0,0,0,0,0,0,1
E09000006,Bromley,E05013996,Darwin,503,458,0,0,0,0,0,1,0,0,0,0,0,0,0,0,0,0,0,0,0,0,0,0,0,0,0,0,0,0,0,0,0,0,0,0,0,0,0,0,0,0,0,1
E09000016,Havering,E05013970,Emerson Park,503,358,0,0,0,0,0,0,0,0,0,0,0,0,0,0,0,0,0,0,0,1,0,0,0,0,0,0,0,0,0,0,0,0,0,0,0,0,0,0,0,0,0,1
E09000018,Hounslow,E05013610,Chiswick Homefields,503,358,0,0,0,0,0,0,0,0,0,0,0,0,0,0,0,0,0,0,0,0,0,0,0,0,0,0,0,0,0,0,0,0,0,0,0,0,0,0,0,1,0,1
E09000015,Harrow,E05013555,Pinner,503,458,0,0,1,0,0,0,0,0,0,0,0,0,0,0,0,0,0,0,0,0,0,0,0,0,0,0,0,0,0,0,0,0,0,0,0,0,0,0,0,0,0,1
E09000021,Kingston upon Thames,E05013937,Kingston Gate,503,458,0,,0,0,0,0,0,0,0,1,0,0,0,0,0,0,0,0,0,0,0,0,0,0,0,0,0,0,0,0,0,0,0,0,0,0,0,0,0,0,0,1
E09000016,Havering,E05013968,Cranham,503,358,0,0,0,0,0,0,0,0,0,0,0,0,0,0,0,0,0,0,0,1,0,0,0,0,0,0,0,0,0,0,0,0,0,0,0,0,0,0,0,0,0,1
E09000021,Kingston upon Thames,E05013932,Coombe Hill,503,458,0,,0,0,0,0,0,0,0,1,0,0,0,0,0,0,0,0,0,0,0,0,0,0,0,0,0,0,0,0,0,0,0,0,0,0,0,0,0,0,0,1
E09000015,Harrow,E05013549,Hatch End,503,458,0,0,1,0,0,0,0,0,0,0,0,0,0,0,0,0,0,0,0,0,0,0,0,0,0,0,0,0,0,0,0,0,0,0,0,0,0,0,0,0,0,1
E09000009,Ealing,E05013530,Northfield,503,458,0,0,0,0,0,0,0,1,0,0,0,0,0,0,0,0,0,0,0,0,0,0,0,0,0,0,0,0,0,0,0,0,0,0,0,0,0,0,0,0,0,1
E09000006,Bromley,E05013993,Chislehurst,503,458,0,0,0,0,0,1,0,0,0,0,0,0,0,0,0,0,0,0,0,0,0,0,0,0,0,0,0,0,0,0,0,0,0,0,0,0,0,0,0,0,0,1
E09000021,Kingston upon Thames,E05013933,Coombe Vale,503,458,0,,0,0,0,0,0,0,0,1,0,0,0,0,0,0,0,0,0,0,0,0,0,0,0,0,0,0,0,0,0,0,0,0,0,0,0,0,0,0,0,1
E09000006,Bromley,E05014005,Shortlands & Park Langley,503,458,0,0,0,0,0,1,0,0,0,0,0,0,0,0,0,0,0,0,0,0,0,0,0,0,0,0,0,0,0,0,0,0,0,0,0,0,0,0,0,0,0,1
E09000016,Havering,E05013972,Hacton,503,358,0,0,0,0,0,0,0,0,0,0,0,0,0,0,0,0,0,0,0,1,0,0,0,0,0,0,0,0,0,0,0,0,0,0,0,0,0,0,0,0,0,1
E09000021,Kingston upon Thames,E05013946,Tudor,503,458,0,,0,0,0,0,0,0,0,1,0,0,0,0,0,0,0,0,0,0,0,0,0,0,0,0,0,0,0,0,0,0,0,0,0,0,0,0,0,0,0,1
E09000016,Havering,E05013986,Upminster,503,358,0,0,0,0,0,0,0,0,0,0,0,0,0,0,0,0,0,0,0,1,0,0,0,0,0,0,0,0,0,0,0,0,0,0,0,0,0,0,0,0,0,1
E09000015,Harrow,E05013556,Pinner South,503,458,0,0,1,0,0,0,0,0,0,0,0,0,0,0,0,0,0,0,0,0,0,0,0,0,0,0,0,0,0,0,0,0,0,0,0,0,0,0,0,0,0,1
E09000006,Bromley,E05013997,Farnborough & Crofton,503,458,0,0,0,0,0,1,0,0,0,0,0,0,0,0,0,0,0,0,0,0,0,0,0,0,0,0,0,0,0,0,0,0,0,0,0,0,0,0,0,0,0,1
E09000006,Bromley,E05013998,Hayes & Coney Hall,503,458,0,0,0,0,0,1,0,0,0,0,0,0,0,0,0,0,0,0,0,0,0,0,0,0,0,0,0,0,0,0,0,0,0,0,0,0,0,0,0,0,0,1
E09000020,Kensington and Chelsea,E05009403,Royal Hospital,503,358,0,0,0,0,0,0,0,0,0,0,0,0,0,0,0,0,,,,,0,0,0,1,0,0,0,0,0,0,0,0,0,0,0,0,0,0,0,0,0,1
E09000021,Kingston upon Thames,E05013929,Berrylands,503,458,0,,0,0,0,0,0,0,0,1,0,0,0,0,0,0,0,0,0,0,0,0,0,0,0,0,0,0,0,0,0,0,0,0,0,0,0,0,0,0,0,1
E09000006,Bromley,E05014003,Petts Wood & Knoll,503,458,0,0,0,0,0,1,0,0,0,0,0,0,0,0,0,0,0,0,0,0,0,0,0,0,0,0,0,0,0,0,0,0,0,0,0,0,0,0,0,0,0,1
E09000020,Kensington and Chelsea,E05009389,Brompton & Hans Town,503,358,0,0,0,0,0,0,0,0,0,0,0,0,0,0,0,0,,,,,0,0,0,0,0,0,0,0,0,1,0,0,0,0,0,0,0,0,0,0,0,1
E09000006,Bromley,E05014008,West Wickham,503,458,0,0,0,0,0,1,0,0,0,0,0,0,0,0,0,0,0,0,0,0,0,0,0,0,0,0,0,0,0,0,0,0,0,0,0,0,0,0,0,0,0,1
E09000021,Kingston upon Thames,E05013928,Alexandra,503,458,0,,0,0,0,0,0,0,0,1,0,0,0,0,0,0,0,0,0,0,0,0,0,0,0,0,0,0,0,0,0,0,0,0,0,0,0,0,0,0,0,1
E09000020,Kensington and Chelsea,E05009401,Queen's Gate,503,358,0,0,0,0,0,0,0,0,0,0,0,0,0,0,0,0,,,,,0,0,0,1,0,0,0,0,0,0,0,0,0,0,0,0,0,0,0,0,0,1
E09000020,Kensington and Chelsea,E05009393,Courtfield,503,358,0,0,0,0,0,0,0,0,0,0,0,0,0,0,0,0,,,,,0,0,0,1,0,0,0,0,0,0,0,0,0,0,0,0,0,0,0,0,0,1
E09000003,Barnet,E05013634,Cricklewood,601,458,0,,0,0,0,0,0,0,0,0,0,0,0,0,0,0,0,0,0,0,0,0,0,0,0,0,0,0,0,0,0,0,0,0,0,0,0,0,0,0,0,0
E09000013,Hammersmith and Fulham,E05013747,Sands End,601,458,0,0,0,0,0,0,0,0,0,0,0,0,0,0,0,0,,,,,0,0,0,0,0,0,0,0,0,0,0,0,0,0,0,0,0,0,0,0,0,0
E09000013,Hammersmith and Fulham,E05013751,West Kensington,601,458,0,0,0,0,0,0,0,0,0,0,0,0,0,0,0,0,,,,,0,0,0,0,0,0,0,0,0,0,0,0,0,0,0,0,0,0,0,0,0,0
E09000013,Hammersmith and Fulham,E05013742,Lillie,601,133,12,0,0,0,0,0,0,0,0,0,0,0,0,0,0,0,,,,,0,0,0,0,0,0,0,0,0,0,0,0,0,0,0,0,0,0,0,0,0,0
E09000013,Hammersmith and Fulham,E05013737,Coningham,601,458,0,0,0,0,0,0,0,0,0,0,0,0,0,0,0,0,,,,,0,0,0,0,0,0,0,0,0,0,0,0,0,0,0,0,0,0,0,0,0,0
E09000026,Redbridge,E05011245,Hainault,601,458,0,0,0,0,0,0,0,0,0,0,0,0,0,0,0,0,0,0,0,0,0,0,0,0,0,0,0,0,0,0,0,0,0,0,0,0,0,0,0,0,0,0
E09000018,Hounslow,E05013619,Heston West,601,458,0,0,0,0,0,0,0,0,0,0,0,0,0,0,0,0,0,0,0,0,0,0,0,0,0,0,0,0,0,0,0,0,0,0,0,0,0,0,0,0,0,0
E09000033,Westminster,E05013803,Pimlico South,601,458,0,,0,0,0,0,0,0,0,0,0,0,0,0,0,0,0,0,0,0,0,0,0,0,0,0,0,0,0,0,0,0,0,0,0,0,0,0,0,0,0,0
E09000020,Kensington and Chelsea,E05009391,Chelsea Riverside,601,133,12,0,0,0,0,0,0,0,0,0,0,0,0,0,0,0,,,,,0,0,0,0,0,0,0,0,0,0,0,0,0,0,0,0,0,0,0,0,0,0
E09000013,Hammersmith and Fulham,E05013733,Addison,601,458,0,0,0,0,0,0,0,0,0,0,0,0,0,0,0,0,,,,,0,0,0,0,0,0,0,0,0,0,0,0,0,0,0,0,0,0,0,0,0,0
E09000018,Hounslow,E05013625,Isleworth,601,458,0,0,0,0,0,0,0,0,0,0,0,0,0,0,0,0,0,0,0,0,0,0,0,0,0,0,0,0,0,0,0,0,0,0,0,0,0,0,0,0,0,0
E09000018,Hounslow,E05013613,Feltham North,601,458,0,0,0,0,0,0,0,0,0,0,0,0,0,0,0,0,0,0,0,0,0,0,0,0,0,0,0,0,0,0,0,0,0,0,0,0,0,0,0,0,0,0
E09000017,Hillingdon,E05013568,Harefield Village,601,458,0,0,0,0,0,0,0,0,0,0,0,0,0,0,0,0,0,0,0,0,0,0,0,0,0,0,0,0,0,0,0,0,0,0,0,0,0,0,0,0,0,0
E09000018,Hounslow,E05013615,Hanworth Park,601,458,0,0,0,0,0,0,0,0,0,0,0,0,0,0,0,0,0,0,0,0,0,0,0,0,0,0,0,0,0,0,0,0,0,0,0,0,0,0,0,0,0,0
E09000018,Hounslow,E05013618,Heston East,601,458,0,0,0,0,0,0,0,0,0,0,0,0,0,0,0,0,0,0,0,0,0,0,0,0,0,0,0,0,0,0,0,0,0,0,0,0,0,0,0,0,0,0
E09000026,Redbridge,E05011237,Chadwell,601,458,0,0,0,0,0,0,0,0,0,0,0,0,0,0,0,0,0,0,0,0,0,0,0,0,0,0,0,0,0,0,0,0,0,0,0,0,0,0,0,0,0,0
E09000018,Hounslow,E05013617,Heston Central,601,458,0,0,0,0,0,0,0,0,0,0,0,0,0,0,0,0,0,0,0,0,0,0,0,0,0,0,0,0,0,0,0,0,0,0,0,0,0,0,0,0,0,0
E09000018,Hounslow,E05013608,Brentford West,601,458,0,0,0,0,0,0,0,0,0,0,0,0,0,0,0,0,0,0,0,0,0,0,0,0,0,0,0,0,0,0,0,0,0,0,0,0,0,0,0,0,0,0
E09000013,Hammersmith and Fulham,E05013734,Avonmore,601,458,0,0,0,0,0,0,0,0,0,0,0,0,0,0,0,0,,,,,0,0,0,0,0,0,0,0,0,0,0,0,0,0,0,0,0,0,0,0,0,0
E09000003,Barnet,E05013647,Underhill,601,458,0,,0,0,0,0,0,0,0,0,0,0,0,0,0,0,0,0,0,0,0,0,0,0,0,0,0,0,0,0,0,0,0,0,0,0,0,0,0,0,0,0
E09000017,Hillingdon,E05013565,Charville,601,458,0,0,0,0,0,0,0,0,0,0,0,0,0,0,0,0,0,0,0,0,0,0,0,0,0,0,0,0,0,0,0,0,0,0,0,0,0,0,0,0,0,0
E09000013,Hammersmith and Fulham,E05013746,Ravenscourt,601,458,0,0,0,0,0,0,0,0,0,0,0,0,0,0,0,0,,,,,0,0,0,0,0,0,0,0,0,0,0,0,0,0,0,0,0,0,0,0,0,0
E09000020,Kensington and Chelsea,E05009404,St Helen's,601,458,0,0,0,0,0,0,0,0,0,0,0,0,0,0,0,0,,,,,0,0,0,0,0,0,0,0,0,0,0,0,0,0,0,0,0,0,0,0,0,0
E09000018,Hounslow,E05013609,Chiswick Gunnersbury,601,458,0,0,0,0,0,0,0,0,0,0,0,0,0,0,0,0,0,0,0,0,0,0,0,0,0,0,0,0,0,0,0,0,0,0,0,0,0,0,0,0,0,0
E09000026,Redbridge,E05011243,Fullwell,601,458,0,0,0,0,0,0,0,0,0,0,0,0,0,0,0,0,0,0,0,0,0,0,0,0,0,0,0,0,0,0,0,0,0,0,0,0,0,0,0,0,0,0
E09000026,Redbridge,E05011250,Newbury,601,458,0,0,0,0,0,0,0,0,0,0,0,0,0,0,0,0,0,0,0,0,0,0,0,0,0,0,0,0,0,0,0,0,0,0,0,0,0,0,0,0,0,0